Id_Fecha,Num_Victs,Fecha,Agno,Mes,Dia,Hora,Horario,Direccion,Comuna,pos x,pos y,Participantes,Victima,Acusado
2016-0001,1,2016-01-01,2016,1,1,04:00:00,4,"PIEDRA BUENA AV. y FERNANDEZ DE LA CRUZ, F., GRAL. AV.",8,-58.47533969,-34.68757022,MOTO-AUTO,MOTO,AUTO
2016-0002,1,2016-01-02,2016,1,2,01:15:00,1,"PAZ, GRAL. AV. y DE LOS CORRALES AV.",9,-58.50877521,-34.66977709,AUTO-PASAJEROS,AUTO,PASAJEROS
2016-0003,1,2016-01-03,2016,1,3,07:00:00,7,ENTRE RIOS AV. 2034,1,-58.39040293,-34.63189362,MOTO-AUTO,MOTO,AUTO
2016-0004,1,2016-01-10,2016,1,10,00:00:00,0,"LARRAZABAL AV. y VILLEGAS, CONRADO, GRAL.",8,-58.46503904,-34.68092974,MOTO-SD,MOTO,SD
2016-0005,1,2016-01-21,2016,1,21,05:20:00,5,"SAN JUAN AV. y SAENZ PEÃ‘A, LUIS, PRES.",1,-58.38718297,-34.62246630,MOTO-PASAJEROS,MOTO,PASAJEROS
2016-0008,1,2016-01-24,2016,1,24,18:30:00,18,27 DE FEBRERO AV. y ESCALADA AV.,8,-58.44451316,-34.68475866,MOTO-OBJETO FIJO,MOTO,OBJETO FIJO
2016-0009,1,2016-01-24,2016,1,24,19:10:00,19,"NOGOYA y GONZALEZ, JOAQUIN V.",11,-58.50095869,-34.60825440,MOTO-AUTO,MOTO,AUTO
2016-0010,1,2016-01-29,2016,1,29,15:20:00,15,"PAZ, GRAL. AV. y DE LOS CORRALES AV.",9,-58.50877521,-34.66977709,MOTO-AUTO,MOTO,AUTO
2016-0012,1,2016-02-08,2016,2,8,01:20:00,1,"BELGRANO AV. e IRIGOYEN, BERNARDO DE",1,-58.38048577,-34.61303893,MOTO-CARGAS,MOTO,CARGAS
2016-0013,1,2016-02-10,2016,2,10,11:30:00,11,ENTRE RIOS AV. 1366,1,-58.39114932,-34.62477387,PEATON-AUTO,PEATON,AUTO
2016-0015,1,2016-02-14,2016,2,14,05:14:00,5,"SCALABRINI ORTIZ, RAUL AV. y VERA",15,-58.43760020,-34.59912758,PEATON-AUTO,PEATON,AUTO
2016-0016,1,2016-02-14,2016,2,14,22:00:00,22,"REGIMIENTO DE PATRICIOS AV. y QUINQUELA MARTIN, BENITO",4,-58.36882665,-34.64291993,MOTO-AUTO,MOTO,AUTO
2016-0017,1,2016-02-15,2016,2,15,16:54:00,16,"ACOSTA, MARIANO y JANER, ANA MARIA",8,-58.44989671,-34.65970435,PEATON-MOTO,PEATON,MOTO
2016-0019,1,2016-02-17,2016,2,17,09:30:00,9,"DE LA TORRE, LISANDRO y GARCIA GRANDE DE ZEQUEIRA, SEVERO",9,-58.50990884,-34.65468721,PEATON-PASAJEROS,PEATON,PASAJEROS
2016-0020,1,2016-02-17,2016,2,17,16:00:00,16,SUIPACHA 156,1,-58.37952223,-34.60653282,PEATON-AUTO,PEATON,AUTO
2016-0021,1,2016-02-17,2016,2,17,23:35:00,23,DIRECTORIO AV. y CURAPALIGUE,7,-58.45157703,-34.63063795,AUTO-AUTO,AUTO,AUTO
2016-0022,1,2016-02-21,2016,2,21,06:00:00,6,"9 DE JULIO AV. y ALSINA, ADOLFO",1,-58.38144696,-34.61079875,MOTO-AUTO,MOTO,AUTO
2016-0025,1,2016-02-28,2016,2,28,04:50:00,4,"PAZ, GRAL. AV. y 27 DE FEBRERO AV.",8,-58.46244952,-34.70524971,AUTO-AUTO,AUTO,AUTO
2016-0026,1,2016-02-28,2016,2,28,07:30:00,7,HOLMBERG y VEDIA,12,-58.49216191,-34.54738649,AUTO-OBJETO FIJO,AUTO,OBJETO FIJO
2016-0027,1,2016-02-28,2016,2,28,09:35:00,9,"CURAPALIGUE AV. y DIAZ, AVELINO",7,-58.44497874,-34.63852623,AUTO-AUTO,AUTO,AUTO
2016-0028,1,2016-03-02,2016,3,2,10:00:00,10,VIAMONTE y 9 DE JULIO AV.,1,-58.38199706,-34.60028648,PEATON-CARGAS,PEATON,CARGAS
2016-0029,1,2016-03-04,2016,3,4,17:30:00,17,CABILDO AV. y DEHEZA,12,-58.47378664,-34.54153077,PEATON-PASAJEROS,PEATON,PASAJEROS
2016-0031,1,2016-03-08,2016,3,8,12:30:00,12,"PAZ, GRAL. AV. y ROCA, CNEL. AV.",8,-58.47064556,-34.69843756,MOTO-PASAJEROS,MOTO,PASAJEROS
2016-0034,1,2016-03-12,2016,3,12,12:30:00,12,"ALCORTA, AMANCIO AV. y BONAVENA, OSCAR NATALIO",4,-58.40623949,-34.65076549,PEATON-PASAJEROS,PEATON,PASAJEROS
2016-0035,1,2016-03-13,2016,3,13,06:00:00,6,CORRIENTES AV. y CALLAO AV.,3,-58.39228965,-34.60443527,MOTO-PASAJEROS,MOTO,PASAJEROS
2016-0036,1,2016-03-14,2016,3,14,00:15:00,0,"HERRERA y VALLE, ARISTOBULO DEL",4,-58.37813396,-34.63668504,MOTO-PASAJEROS,MOTO,PASAJEROS
2016-0037,1,2016-03-19,2016,3,19,11:00:00,11,LAFUENTE AV. y QUIRNO,7,-58.46275892,-34.64358293,MOTO-MOTO,MOTO,MOTO
2016-0038,1,2016-03-21,2016,3,21,08:06:00,8,"PAZ, GRAL. AV. y ZUVIRIA",8,-58.49683458,-34.67892743,PEATON-PASAJEROS,PEATON,PASAJEROS
2016-0039,1,2016-03-23,2016,3,23,01:50:00,1,"MITRE, BARTOLOME y PUEYRREDON AV.",3,-58.40603217,-34.60883960,MOTO-PASAJEROS,MOTO,PASAJEROS
2016-0041,2,2016-03-29,2016,3,29,11:00:00,11,DIRECTORIO AV. y RIVERA INDARTE AV.,7,-58.46076550,-34.63350444,MOTO-CARGAS,MOTO,CARGAS
2016-0043,1,2016-03-30,2016,3,30,18:15:00,18,"DELLEPIANE, LUIS, TTE. GRAL. y MURGUIONDO",8,-58.47832463,-34.67494416,PEATON-CARGAS,PEATON,CARGAS
2016-0044,1,2016-03-31,2016,3,31,19:40:00,19,"MORENO, JOSE MARIA AV. y BALBASTRO",7,-58.43213235,-34.63693953,MULTIPLE,MOTO,MULTIPLE
2016-0045,1,2016-04-11,2016,4,11,10:25:00,10,"PAZ, GRAL. AV. y DEL LIBERTADOR AV.",13,-58.46743471,-34.53476874,MOTO-SD,MOTO,SD
2016-0047,1,2016-04-15,2016,4,15,05:30:00,5,LIMA 1483,1,-58.38247061,-34.62571878,PEATON-PASAJEROS,PEATON,PASAJEROS
2016-0048,1,2016-04-15,2016,4,15,17:40:00,17,CORRIENTES AV. y DORREGO AV.,15,-58.44759966,-34.59170240,PEATON-PASAJEROS,PEATON,PASAJEROS
2016-0049,1,2016-04-17,2016,4,17,00:00:00,0,AUTOPISTA 1 SUR PRESIDENTE ARTURO FRONDIZI,4,-58.37714647568196,-34.63657525428238,SD-SD,SD,SD
2016-0050,1,2016-04-19,2016,4,19,09:50:00,9,"GORDILLO, TIMOTEO y FERNANDEZ DE LA CRUZ, F., GRAL. AV.",8,-58.47305463,-34.68550712,PEATON-PASAJEROS,PEATON,PASAJEROS
2016-0051,1,2016-04-20,2016,4,20,04:00:00,4,"ALCORTA, AMANCIO AV. y BONAVENA, OSCAR NATALIO",4,-58.40623949,-34.65076549,MOTO-CARGAS,MOTO,CARGAS
2016-0052,1,2016-04-20,2016,4,20,20:00:00,20,,13,.,.,MOTO-SD,MOTO,SD
2016-0053,1,2016-04-22,2016,4,22,09:30:00,9,TRIUNVIRATO AV. y OLAZABAL AV.,12,-58.48429180,-34.57558053,PEATON-PASAJEROS,PEATON,PASAJEROS
2016-0054,1,2016-04-23,2016,4,23,21:00:00,21,"AUTOPISTA DELLEPIANE LUIS TTE. GRAL. y PAZ, GRAL. AV.",8,-58.48695354,-34.68795245,MOTO-MOTO,MOTO,MOTO
2016-0055,1,2016-04-25,2016,4,25,20:30:00,20,"CASTILLA, RAMON, MARISCAL y FIGUEROA ALCORTA, PRES. AV.",14,-58.40021959,-34.57964781,PEATON-CARGAS,PEATON,CARGAS
2016-0056,1,2016-04-26,2016,4,26,04:45:00,4,"CAMPOS, LUIS M. AV. 30",14,-58.42957885,-34.57660058,MOTO-OBJETO FIJO,MOTO,OBJETO FIJO
2016-0058,1,2016-05-04,2016,5,4,14:00:00,14,LIMA 1471,1,-58.38247542,-34.62556293,PEATON-MOTO,PEATON,MOTO
2016-0059,1,2016-05-08,2016,5,8,16:30:00,16,CIUDADELA y LIMA,1,-58.38222219,-34.62728101,PEATON-PASAJEROS,PEATON,PASAJEROS
2016-0064,1,2016-05-14,2016,5,14,18:11:00,18,"JUSTO, JUAN B. AV. y CARRASCO AV.",10,-58.49485242,-34.62953445,PEATON-PASAJEROS,PEATON,PASAJEROS
2016-0065,1,2016-05-20,2016,5,20,14:40:00,14,GAONA AV. y ESPINOSA,6,-58.45227946,-34.61068024,PEATON-AUTO,PEATON,AUTO
2016-0067,1,2016-05-21,2016,5,21,17:00:00,17,"DE LA TORRE, LISANDRO y SARAZA",8,-58.48455411,-34.67512760,MOTO-PASAJEROS,MOTO,PASAJEROS
2016-0068,1,2016-05-22,2016,5,22,22:00:00,22,"FIGUEROA ALCORTA, PRES. AV. y PUEYRREDON AV.",2,-58.39056593,-34.58418569,MOTO-PASAJEROS,MOTO,PASAJEROS
2016-0069,1,2016-05-23,2016,5,23,03:30:00,3,ENTRE RIOS AV. y FILIBERTO,3,-58.39118948,-34.62704273,AUTO-CARGAS,AUTO,CARGAS
2016-0073,1,2016-06-11,2016,6,11,15:00:00,15,"MAGARIÃ‘OS CERVANTES, A. 3900",10,-58.49021952,-34.62025108,MOTO-CARGAS,MOTO,CARGAS
2016-0074,1,2016-06-12,2016,6,12,06:40:00,6,"PAZ, GRAL. AV. y SCAPINO, RODOLFO",8,-58.49896559,-34.67732118,AUTO-AUTO,AUTO,AUTO
2016-0075,1,2016-06-12,2016,6,12,23:13:00,23,AUTOPISTA DELLEPIANE LUIS TTE. GRAL. y MIRALLA,8,-58.47461076,-34.66874679,PEATON-AUTO,PEATON,AUTO
2016-0076,1,2016-06-13,2016,6,13,16:20:00,16,SAN MARTIN AV. y CAMARONES,15,-58.46210891,-34.60356211,PEATON-PASAJEROS,PEATON,PASAJEROS
2016-0077,1,2016-06-13,2016,6,13,21:52:00,21,"PERON, JUAN DOMINGO, TTE. GENERAL y ALEM, LEANDRO N. AV.",1,-58.37027770,-34.60536123,PEATON-PASAJEROS,PEATON,PASAJEROS
2016-0078,1,2016-06-13,2016,6,13,23:01:00,23,BELGRANO AV. y JUJUY AV.,3,-58.40491455,-34.61463830,MOTO-MOTO,MOTO,MOTO
2016-0079,1,2016-06-16,2016,6,16,17:13:00,17,"DEL LIBERTADOR AV. y UDAONDO, GUILLERMO AV.",13,-58.45504154,-34.54864492,AUTO-AUTO,AUTO,AUTO
2016-0080,1,2016-06-18,2016,6,18,06:42:00,6,"PAZ, GRAL. AV. y RIVADAVIA AV.",9,-58.52927982,-34.63931752,AUTO-SD,AUTO,SD
2016-0081,1,2016-06-22,2016,6,22,07:42:00,7,"LARRALDE, CRISOLOGO AV. y MACHAIN",12,-58.48721060,-34.55904606,MOTO-AUTO,MOTO,AUTO
2016-0082,1,2016-06-27,2016,6,27,18:24:00,18,LA PLATA AV. 2384,4,-58.42273092,-34.64228803,PEATON-AUTO,PEATON,AUTO
2016-0083,1,2016-06-28,2016,6,28,20:46:00,20,"ALBERDI, JUAN BAUTISTA AV. y PUAN",6,-58.44788671,-34.62539009,PEATON-MOTO,PEATON,MOTO
2016-0084,1,2016-06-29,2016,6,29,22:00:00,22,"PELLEGRINI, CARLOS y TUCUMAN",1,-58.38110563,-34.60135531,PEATON-PASAJEROS,PEATON,PASAJEROS
2016-0085,1,2016-06-29,2016,6,29,22:00:00,22,"RABANAL, FRANCISCO, INTENDENTE AV. y EREZCANO",4,-58.42378834,-34.65734100,MOTO-MOVIL,MOTO,OTRO
2016-0086,1,2016-06-30,2016,6,30,16:10:00,16,"OLIVERA AV. y FALCON, RAMON L.,CNEL.",10,-58.48727942,-34.63652467,PEATON-PASAJEROS,PEATON,PASAJEROS
2016-0087,1,2016-07-02,2016,7,3,00:10:00,0,AUTOPISTA 1 SUR PRESIDENTE ARTURO FRONDIZI y CASEROS AV.,1,-58.37864583,-34.62907067,MOTO-OBJETO FIJO,MOTO,OBJETO FIJO
2016-0088,1,2016-07-11,2016,7,11,15:30:00,15,CERETTI y NUÃ‘EZ,12,-58.50151750,-34.56767549,PEATON-AUTO,PEATON,AUTO
2016-0089,1,2016-07-14,2016,7,14,06:40:00,6,"LUGONES, LEOPOLDO AV. y LA PAMPA",13,-58.43233425,-34.55185825,PEATON-AUTO,PEATON,AUTO
2016-0090,1,2016-07-14,2016,7,14,22:00:00,22,"SALGUERO, JERONIMO y RIVADAVIA AV.",5,-58.41971993,-34.61112240,PEATON-PASAJEROS,PEATON,PASAJEROS
2016-0092,1,2016-07-15,2016,7,15,11:00:00,11,"PAZ, GRAL. AV. y DEL LIBERTADOR AV.",13,-58.46743471,-34.53476874,MOTO-CARGAS,MOTO,CARGAS
2016-0093,1,2016-07-17,2016,7,17,03:30:00,3,"ALBERDI, JUAN BAUTISTA AV. y MITRE, EMILIO",6,-58.44362126,-34.62301748,AUTO-AUTO,AUTO,AUTO
2016-0095,1,2016-07-23,2016,7,23,06:12:00,6,MERCEDES y MOSCONI GENERAL AV.,11,-58.51713095,-34.59546519,MOTO-AUTO,MOTO,AUTO
2016-0096,1,2016-07-25,2016,7,25,07:00:00,7,AUTOPISTA DELLEPIANE LUIS TTE. GRAL.,8,-58.47433193007387,-34.66684950051973,MOTO-CARGAS,MOTO,CARGAS
2016-0097,1,2016-07-26,2016,7,26,18:45:00,18,SOLIS y MEXICO,1,-58.39038605,-34.61562810,PEATON-AUTO,PEATON,AUTO
2016-0098,1,2016-07-27,2016,7,27,16:08:00,16,SAN JUAN AV. y ALBERTI,3,-58.40042405,-34.62356174,MOTO-CARGAS,MOTO,CARGAS
2016-0099,1,2016-07-29,2016,7,29,16:00:00,16,"MOSCONI GENERAL AV. y PAZ, GRAL. AV.",11,-58.52340614,-34.59798754,CARGAS-CARGAS,CARGAS,CARGAS
2016-0100,1,2016-08-03,2016,8,3,23:27:00,23,"PAZ, GRAL. AV. y DONADO",12,-58.49491054,-34.54795581,MOTO-OBJETO FIJO,MOTO,OBJETO FIJO
2016-0101,1,2016-08-07,2016,8,7,19:42:00,19,"PAZ, GRAL. AV. y CHAVEZ, JORGE",9,-58.52932872,-34.65014993,SD-SD,SD,SD
2016-0102,1,2016-08-10,2016,8,10,23:37:00,23,"PERON, EVA AV. y SUAREZ, JOSE LEON",9,-58.50011639,-34.67316502,MOTO-CARGAS,MOTO,CARGAS
2016-0104,1,2016-08-14,2016,8,14,21:15:00,21,ZINNY y SANTIAGO DE COMPOSTELA AV.,9,-58.46635001,-34.65624369,MOTO-PASAJEROS,MOTO,PASAJEROS
2016-0105,1,2016-08-17,2016,8,17,00:05:00,0,"LACROZE, FEDERICO AV. y FRAGA",15,-58.45343236,-34.58435809,PEATON-PASAJEROS,PEATON,PASAJEROS
2016-0106,1,2016-08-19,2016,8,19,21:02:00,21,"PELLEGRINI, CARLOS y DEL LIBERTADOR AV.",1,-58.38090932,-34.58927731,PEATON-PASAJEROS,PEATON,PASAJEROS
2016-0107,1,2016-08-20,2016,8,20,08:22:00,8,AUTOPISTA 1 SUR PRESIDENTE ARTURO FRONDIZI y DON PEDRO DE MENDOZA AV.,4,-58.37157668,-34.65429986,MOTO-AUTO,MOTO,AUTO
2016-0109,1,2016-08-24,2016,8,24,05:45:00,5,AUTOPISTA PERITO MORENO y BARRAGAN,9,-58.52280139,-34.63659934,AUTO-OBJETO FIJO,AUTO,OBJETO FIJO
2016-0110,1,2016-08-24,2016,8,24,20:21:00,20,"ALBERDI, JUAN BAUTISTA AV. y CARHUE",9,-58.51232237,-34.65903530,PEATON-SD,PEATON,SD
2016-0111,1,2016-08-25,2016,8,25,09:30:00,9,LUGONES y LA PAMPA,15,-58.47461905,-34.57663634,MOTO-CARGAS,MOTO,CARGAS
2016-0112,1,2016-08-27,2016,8,27,04:40:00,4,AUTOPISTA 25 DE MAYO y AUTOPISTA 1 SUR PRESIDENTE ARTURO FRONDIZI,1,-58.38268809,-34.62282019,MOTO-OBJETO FIJO,MOTO,OBJETO FIJO
2016-0113,1,2016-08-27,2016,8,27,16:45:00,16,"ALBERDI, JUAN BAUTISTA AV. y GUARDIA NACIONAL",9,-58.49603546,-34.64564271,PEATON-PASAJEROS,PEATON,PASAJEROS
2016-0114,1,2016-08-31,2016,8,31,11:20:00,11,"SALGUERO, JERONIMO 1410",14,-58.41848605,-34.59394733,BICICLETA-CARGAS,BICICLETA,CARGAS
2016-0115,1,2016-09-02,2016,9,2,11:50:00,11,ARIAS y TRONADOR,12,-58.48935041,-34.54917673,SD-CARGAS,SD,CARGAS
2016-0116,1,2016-09-02,2016,9,2,20:20:00,20,27 DE FEBRERO AV. y ESCALADA AV.,8,-58.44451316,-34.68475866,MOTO-AUTO,MOTO,AUTO
2016-0117,1,2016-09-03,2016,9,3,15:30:00,15,DEL LIBERTADOR AV. y TAGLE,14,-58.39936478,-34.58271474,AUTO-AUTO,AUTO,AUTO
2016-0118,1,2016-09-04,2016,9,4,03:30:00,3,AUTOPISTA 1 SUR PRESIDENTE ARTURO FRONDIZI KM. 2.9,1,-58.37936704,-34.62694503,AUTO-AUTO,AUTO,AUTO
2016-0119,1,2016-09-04,2016,9,4,06:40:00,6,"LARRALDE, CRISOLOGO AV. y TRIUNVIRATO AV.",12,-58.49659234,-34.56353635,SD-SD,SD,SD
2016-0122,1,2016-09-13,2016,9,13,07:10:00,7,"PERON, EVA AV. 4233",9,-58.47256391,-34.65194557,BICICLETA-PASAJEROS,BICICLETA,PASAJEROS
2016-0123,1,2016-09-14,2016,9,14,09:00:00,9,"ASAMBLEA AV. y BONORINO, ESTEBAN, CNEL. AV.",7,-58.45130953,-34.64053676,MOTO-AUTO,MOTO,AUTO
2016-0124,1,2016-09-16,2016,9,16,15:24:00,15,RIVADAVIA AV. y RIVERA INDARTE AV.,7,-58.46271207,-34.62884871,PEATON-PASAJEROS,PEATON,PASAJEROS
2016-0125,1,2016-09-17,2016,9,17,12:14:00,12,"AUTOPISTA PERITO MORENO y ALBERDI, JUAN BAUTISTA AV.",10,-58.49020869,-34.64243791,MOTO-MOTO,MOTO,MOTO
2016-0126,2,2016-09-18,2016,9,18,22:45:00,22,IRIGOYEN y TINOGASTA,10,-58.52572109,-34.62125906,AUTO-CARGAS,AUTO,CARGAS
2016-0127,1,2016-09-24,2016,9,24,10:25:00,10,"ACOSTA, MARIANO y ROCA, CNEL. AV.",8,-58.44094791,-34.66677111,PEATON-PASAJEROS,PEATON,PASAJEROS
2016-0128,1,2016-10-02,2016,10,2,11:30:00,11,CASTRO y PAVON AV.,5,-58.41914024,-34.63053890,PEATON-PASAJEROS,PEATON,PASAJEROS
2016-0130,1,2016-10-04,2016,10,4,12:30:00,12,AUTOPISTA 1 SUR PRESIDENTE ARTURO FRONDIZI y BRASIL,1,-58.37910942,-34.62764717,MOTO-CARGAS,MOTO,CARGAS
2016-0131,1,2016-10-09,2016,10,9,19:13:00,19,MIRAVE 3500,4,-58.39871183,-34.64539318,PEATON-AUTO,PEATON,AUTO
2016-0132,1,2016-10-10,2016,10,10,02:30:00,2,SAN JUAN AV. y 24 DE NOVIEMBRE,3,-58.41036975,-34.62477021,AUTO-PASAJEROS,AUTO,PASAJEROS
2016-0133,1,2016-10-14,2016,10,14,00:05:00,0,LAS HERAS GENERAL AV. y SANCHEZ DE BUSTAMANTE,14,-58.40204698,-34.58342690,MOTO-AUTO,MOTO,AUTO
2016-0134,1,2016-10-23,2016,10,23,05:00:00,5,PIEDRA BUENA AV. y 2 DE ABRIL DE 1982,8,-58.48935287,-34.67648597,MOTO-OBJETO FIJO,MOTO,OBJETO FIJO
2016-0135,1,2016-10-24,2016,10,24,05:00:00,5,"FIGUEROA ALCORTA, PRES. AV. y PINEDO, INT.",14,-58.42260225,-34.56403694,PEATON-SD,PEATON,SD
2016-0136,1,2016-10-25,2016,10,25,00:00:00,0,,4,.,.,MOTO-CARGAS,MOTO,CARGAS
2016-0137,1,2016-10-25,2016,10,25,00:39:00,0,SAN MARTIN AV. y LADINES,11,-58.51537091,-34.59035925,MOTO-MOTO,MOTO,MOTO
2016-0138,1,2016-10-27,2016,10,27,20:30:00,20,CABILDO AV. y BLANCO ENCALADA,13,-58.45909670,-34.55922742,BICICLETA-CARGAS,BICICLETA,CARGAS
2016-0139,1,2016-10-28,2016,10,28,23:00:00,23,"FIGUEROA ALCORTA, PRES. AV. y DORREGO AV.",14,-58.42008769,-34.56539579,MOTO-MOTO,MOTO,MOTO
2016-0140,1,2016-10-31,2016,10,31,02:58:00,2,JURAMENTO AV. y VUELTA DE OBLIGADO,13,-58.45566399,-34.56147293,PASAJEROS-PASAJEROS,PASAJEROS,PASAJEROS
2016-0142,1,2016-11-05,2016,11,5,23:30:00,23,"DEL LIBERTADOR AV. y RAMOS MEJIA, JOSE MARIA, DR. AV.",1,-58.37533517,-34.59276462,MOTO-PASAJEROS,MOTO,PASAJEROS
2016-0143,1,2016-11-06,2016,11,6,04:41:00,4,27 DE FEBRERO AV. y ESCALADA AV.,8,-58.44451316,-34.68475866,MOTO-SD,MOTO,SD
2016-0144,1,2016-11-07,2016,11,7,12:10:00,12,"BROWN, ALTE. AV. 984",4,-58.35975012,-34.63343907,PEATON-PASAJEROS,PEATON,PASAJEROS
2016-0145,1,2016-11-07,2016,11,7,20:56:00,20,DEL LIBERTADOR AV. y LA PAMPA,13,-58.44523595,-34.55953855,MOTO-AUTO,MOTO,AUTO
2016-0146,1,2016-11-09,2016,11,9,20:00:00,20,PICHINCHA AV. y BRASIL,4,-58.39626094,-34.63036565,PEATON-PASAJEROS,PEATON,PASAJEROS
2016-0147,1,2016-11-16,2016,11,16,21:15:00,21,"INDEPENDENCIA AV. y CEVALLOS, VIRREY",1,-58.38896772,-34.61799615,MOVIL-PASAJEROS,MOVIL,PASAJEROS
2016-0148,1,2016-11-16,2016,11,16,22:20:00,22,GARMENDIA AV. 4895,15,-58.46536113,-34.59484504,MOTO-MOTO,MOTO,MOTO
2016-0150,1,2016-11-18,2016,11,18,18:20:00,18,"ALCORTA, AMANCIO AV. y TABORDA, DIOGENES",4,-58.40879146,-34.65273216,CARGAS-CARGAS,CARGAS,CARGAS
2016-0151,1,2016-11-18,2016,11,18,20:35:00,20,,0,.,.,PEATON-SD,PEATON,SD
2016-0152,1,2016-11-23,2016,11,23,21:10:00,21,"MORENO, PERITO AV. y ZUVIRIA",7,-58.46451841,-34.64991946,MOTO-AUTO,MOTO,AUTO
2016-0153,1,2016-11-25,2016,11,25,15:42:00,15,ARAOZ y CORDOBA AV.,15,-58.42917090,-34.59485488,PEATON-MOTO,PEATON,MOTO
2016-0154,1,2016-11-26,2016,11,26,14:14:00,14,"PAZ, GRAL. AV. 15200",8,-58.49007772,-34.68251141,MOTO-MOTO,MOTO,MOTO
2016-0155,1,2016-11-26,2016,11,26,16:50:00,16,MADERO 900,10,-58.52756365,-34.62772274,PEATON-AUTO,PEATON,AUTO
2016-0156,1,2016-11-26,2016,11,26,19:40:00,19,INDEPENDENCIA AV. y DEAN FUNES,3,-58.40638983,-34.61943202,MOTO-PASAJEROS,MOTO,PASAJEROS
2016-0157,1,2016-12-03,2016,12,3,06:40:00,6,"JUSTO, JUAN B. AV. 5645",11,-58.47576807,-34.61740997,MOTO-MOTO,MOTO,MOTO
2016-0159,1,2016-12-04,2016,12,4,07:21:00,7,27 DE FEBRERO AV. y ESCALADA AV.,8,-58.44451316,-34.68475866,AUTO-SD,AUTO,SD
2016-0160,1,2016-12-06,2016,12,6,05:30:00,5,AUTOPISTA PERITO MORENO (ALTURA VELEZ SARSFIELD),9,-58.51927194,-34.63635787,CARGAS-OBJETO FIJO,CARGAS,OBJETO FIJO
2016-0161,1,2016-12-06,2016,12,6,07:22:00,7,SANTA FE AV. y GODOY CRUZ,14,-58.42525456,-34.57866344,PEATON-PASAJEROS,PEATON,PASAJEROS
2016-0162,1,2016-12-07,2016,12,7,05:00:00,5,"LACROZE, FEDERICO AV. y FOREST AV.",15,-58.45396573,-34.58518167,PEATON-AUTO,PEATON,AUTO
2016-0163,1,2016-12-10,2016,12,10,07:30:00,7,"PAZ, GRAL. AV. y MOSCONI GENERAL AV.",11,-58.52340614,-34.59798754,MOTO-AUTO,MOTO,AUTO
2016-0164,1,2016-12-11,2016,12,11,06:16:00,6,"LA PLATA AV. y POMAR, GREGORIO TTE. CNEL.",4,-58.42323628,-34.64119105,AUTO-AUTO,AUTO,AUTO
2016-0165,1,2016-12-12,2016,12,12,08:25:00,8,"GARCIA, MARTIN AV. 300",4,-58.36926144,-34.62841919,BICICLETA-PASAJEROS,BICICLETA,PASAJEROS
2016-0168,1,2016-12-13,2016,12,13,10:40:00,10,"LA PLATA AV. y POMAR, GREGORIO TTE. CNEL.",4,-58.42323628,-34.64119105,MOTO-AUTO,MOTO,AUTO
2016-0169,1,2016-12-15,2016,12,15,15:30:00,15,"NUÃ‘EZ y BALBIN, RICARDO, DR. AV.",12,-58.47935434,-34.55676497,MOTO-PASAJEROS,MOTO,PASAJEROS
2016-0170,1,2016-12-19,2016,12,19,17:10:00,17,"PAZ, GRAL. AV. 4500",12,-58.50598256,-34.56379980,MOTO-AUTO,MOTO,AUTO
2016-0171,1,2016-12-25,2016,12,25,19:00:00,19,"HUERGO, ING. AV. y AUTOPISTA 25 DE MAYO",1,-58.36607137,-34.62150748,MOTO-MOTO,MOTO,MOTO
2016-0172,1,2016-12-26,2016,12,26,08:00:00,8,"GARAY, JUAN DE AV. y CASTRO",5,-58.41918902,-34.63174259,MOTO-CARGAS,MOTO,CARGAS
2016-0173,1,2016-12-26,2016,12,26,19:52:00,19,DIRECTORIO AV. y SAN PEDRITO AV.,7,-58.46749188,-34.63551751,MOTO-CARGAS,MOTO,CARGAS
2016-0174,1,2016-12-27,2016,12,27,00:00:00,0,AUTOPISTA 25 DE MAYO,0,.,.,SD-SD,SD,SD
2016-0175,1,2016-12-27,2016,12,27,08:15:00,8,"FALCON, RAMON L.,CNEL. y MEMBRILLAR",7,-58.46064174,-34.62960517,PEATON-BICICLETA,PEATON,BICICLETA
2016-0176,1,2016-12-28,2016,12,28,01:41:00,1,BELGRANO AV. y PASEO COLON AV.,1,-58.36956186,-34.61232875,MOTO-PASAJEROS,MOTO,PASAJEROS
2016-0177,1,2016-12-29,2016,12,29,04:00:00,4,ARENALES 3319,14,-58.40966671,-34.58788235,PEATON-AUTO,PEATON,AUTO
2016-0178,1,2016-12-30,2016,12,30,16:18:00,16,REPUBLICA BOLIVARIANA DE VENEZUELA y SAAVEDRA,3,-58.40288226,-34.61544091,MULTIPLE,PEATON,MULTIPLE
2017-0001,1,2017-01-02,2017,1,2,01:00:00,1,"JUSTO, JUAN B. AV. y ACHUPALLAS",11,-58.46594230,-34.61028571,MOTO-CARGAS,MOTO,CARGAS
2017-0003,1,2017-01-05,2017,1,5,03:10:00,3,OLAVARRIA y VELEZ SARSFIELD AV.,4,-58.38957669,-34.64410277,CARGAS-CARGAS,CARGAS,CARGAS
2017-0007,1,2017-01-11,2017,1,11,17:00:00,17,LIMA y MEXICO,1,-58.38161660,-34.61529543,MULTIPLE,PEATON,MULTIPLE
2017-0008,1,2017-01-16,2017,1,16,00:40:00,0,"CABRERA, JOSE A. y BONPLAND",14,-58.43917004,-34.58494351,MOTO-PASAJEROS,MOTO,PASAJEROS
2017-0009,1,2017-01-16,2017,1,16,13:56:00,13,AUTOPISTA 25 DE MAYO y BOEDO AV.,5,-58.41595919,-34.62743346,MOTO-CARGAS,MOTO,CARGAS
2017-0010,1,2017-01-16,2017,1,16,16:30:00,16,DIRECTORIO AV. y RIGLOS,6,-58.43564880,-34.62828656,MOTO-AUTO,MOTO,AUTO
2017-0011,1,2017-01-22,2017,1,22,02:30:00,2,"PAZ, GRAL. AV. y BALBIN, RICARDO, DR. AV.",12,-58.50073810,-34.54979510,MOTO-OBJETO FIJO,MOTO,OBJETO FIJO
2017-0012,1,2017-01-24,2017,1,24,14:00:00,14,"TRAFUL y TABORDA, DIOGENES",4,-58.40969005,-34.65055290,MOTO-CARGAS,MOTO,CARGAS
2017-0013,1,2017-01-27,2017,1,27,07:00:00,7,"IRIARTE, GRAL. AV. 3055",4,-58.38972622,-34.65098981,PEATON-CARGAS,PEATON,CARGAS
2017-0014,1,2017-01-28,2017,1,28,08:27:34,8,DONADO y ARIAS,12,-58.49185972,-34.55046754,MULTIPLE,MOTO,MULTIPLE
2017-0015,1,2017-02-02,2017,2,2,15:18:03,15,CORDOBA AV. y CALLAO AV.,2,-58.39293417,-34.59963642,PEATON-AUTO,PEATON,AUTO
2017-0016,1,2017-02-03,2017,2,3,05:12:21,5,AUTOPISTA 25 DE MAYO KM. 8.3,1,-58.38099494,-34.62288231,MOTO-CARGAS,MOTO,CARGAS
2017-0017,1,2017-02-06,2017,2,6,08:00:00,8,"JUSTO, JUAN B. AV. y PARAGUAY",14,-58.42901200,-34.58095431,MOTO-AUTO,MOTO,AUTO
2017-0018,1,2017-02-09,2017,2,9,07:00:00,7,"PAZ, GRAL. AV. y DE LOS CORRALES AV.",9,-58.50877521,-34.66977709,MOTO-AUTO,MOTO,AUTO
2017-0021,1,2017-02-18,2017,2,18,05:30:00,5,SARMIENTO y LIBERTAD,1,-58.38362373,-34.60509972,MOTO-PASAJEROS,MOTO,PASAJEROS
2017-0024,1,2017-02-23,2017,2,23,20:50:00,20,RIVADAVIA AV. 7121,7,-58.46589308,-34.62955795,PEATON-PASAJEROS,PEATON,PASAJEROS
2017-0025,1,2017-02-24,2017,2,24,17:05:00,17,"FERNANDEZ DE LA CRUZ, F., GRAL. AV. y RIVERA INDARTE AV.",7,-58.43614426,-34.65424640,MOTO-SD,MOTO,SD
2017-0026,2,2017-02-26,2017,2,26,05:15:00,5,"MORENO, PERITO AV. y FOURNIER",4,-58.41842777,-34.64979057,AUTO-OBJETO FIJO,AUTO,OBJETO FIJO
2017-0027,1,2017-02-26,2017,2,26,21:57:00,21,CASEROS AV. 1429,1,-58.38332245,-34.63193250,PEATON-AUTO,PEATON,AUTO
2017-0028,1,2017-02-28,2017,2,28,09:20:00,9,GAONA AV. y FRAGATA PRES. SARMIENTO,6,-58.45475488,-34.61196327,PEATON-AUTO,PEATON,AUTO
2017-0029,1,2017-03-07,2017,3,7,02:15:00,2,MOZART y TANDIL,9,-58.48501341,-34.64742455,SD-AUTO,SD,AUTO
2017-0030,1,2017-03-07,2017,3,7,08:00:00,8,MOZART y AUTOPISTA DELLEPIANE LUIS TTE. GRAL.,9,-58.47010988,-34.65872088,AUTO-PASAJEROS,AUTO,PASAJEROS
2017-0031,1,2017-03-11,2017,3,11,01:30:00,1,24 DE NOVIEMBRE y PAVON,3,-58.40997560,-34.62873635,AUTO-OBJETO FIJO,AUTO,OBJETO FIJO
2017-0032,1,2017-03-12,2017,3,12,05:00:00,5,"PAZ, GRAL. AV. y LOS CEDROS",8,-58.48892175,-34.68359163,AUTO-AUTO,AUTO,AUTO
2017-0033,1,2017-03-12,2017,3,12,07:30:00,7,"PAZ, GRAL. AV. y GUTIERREZ, RICARDO",11,-58.52466448,-34.60325478,AUTO-AUTO,AUTO,AUTO
2017-0034,1,2017-03-13,2017,3,13,07:50:00,7,GODOY CRUZ 2651,14,-58.42554218,-34.57929036,PEATON-AUTO,PEATON,AUTO
2017-0035,3,2017-03-23,2017,3,23,05:00:00,5,"ACHAVAL RODRIGUEZ, T., DR. AV. y VILLAFLOR, AZUCENA",1,-58.35881506,-34.61113641,AUTO-OBJETO FIJO,AUTO,OBJETO FIJO
2017-0036,2,2017-03-29,2017,3,29,18:00:00,18,"PAZ, GRAL. AV. y CAMPANA",12,-58.51452347,-34.58159762,MOTO-PASAJEROS,MOTO,PASAJEROS
2017-0037,1,2017-03-31,2017,3,31,03:00:00,3,"INDEPENDENCIA AV. y CEVALLOS, VIRREY",1,-58.38896772,-34.61799615,MOTO-CARGAS,MOTO,CARGAS
2017-0038,1,2017-04-01,2017,4,1,19:00:00,19,CASTAÃ‘ARES AV. y LAUTARO,7,-58.44516857,-34.64363363,MOTO-AUTO,MOTO,AUTO
2017-0040,1,2017-04-03,2017,4,3,09:40:00,9,"GUIRALDES, INT. 2699",13,-58.43834197,-34.54560369,MULTIPLE,AUTO,MULTIPLE
2017-0041,1,2017-04-03,2017,4,3,23:15:00,23,"FERNANDEZ MORENO, BALDOMERO 2186",7,-58.45485084,-34.63531854,MOTO-AUTO,MOTO,AUTO
2017-0042,1,2017-04-10,2017,4,10,09:00:00,9,"LUGONES, LEOPOLDO AV.",14,.,.,MOTO-CARGAS,MOTO,CARGAS
2017-0045,1,2017-04-14,2017,4,14,06:15:00,6,NOGOYA 5940,10,-58.52449285,-34.62454175,MOTO-OBJETO FIJO,MOTO,OBJETO FIJO
2017-0047,1,2017-04-23,2017,4,23,06:30:00,6,ARGENTINA AV. y CORVALAN,8,-58.46713742,-34.67198790,MOTO-AUTO,MOTO,AUTO
2017-0049,1,2017-04-27,2017,4,27,18:16:00,18,"FERNANDEZ DE LA CRUZ, F., GRAL. AV. y VARELA AV.",8,-58.43850413,-34.65554754,PEATON-PASAJEROS,PEATON,PASAJEROS
2017-0050,2,2017-04-28,2017,4,28,11:08:08,11,,9,.,.,MOTO-CARGAS,MOTO,CARGAS
2017-0051,1,2017-05-01,2017,5,1,03:47:47,3,,7,.,.,AUTO-AUTO,AUTO,AUTO
2017-0052,1,2017-05-05,2017,5,5,03:40:00,3,"PAZ, GRAL. AV. y GOLETA SANTA CRUZ",8,-58.49413799,-34.68095739,PEATON-CARGAS,PEATON,CARGAS
2017-0053,1,2017-05-05,2017,5,5,20:16:22,20,VIEYTES y VILLARINO,4,-58.37547846,-34.65326075,MOTO-CARGAS,MOTO,CARGAS
2017-0054,1,2017-05-07,2017,5,7,21:00:00,21,"DE LOS CONSTITUYENTES AV. y MORAN, PEDRO",15,-58.48680218,-34.58689719,MOTO-AUTO,MOTO,AUTO
2017-0055,1,2017-05-09,2017,5,9,08:30:00,8,DE LOS CONSTITUYENTES AV. 4900,12,-58.49563989,-34.57962262,AUTO-AUTO,AUTO,AUTO
2017-0058,1,2017-05-09,2017,5,9,23:10:00,23,CORDOBA AV. y LIBERTAD,1,-58.38403232,-34.59915940,PEATON-MOTO,PEATON,MOTO
2017-0059,1,2017-05-11,2017,5,11,09:24:00,9,BRASIL y LIMA,1,-58.38223382,-34.62693865,PEATON-PASAJEROS,PEATON,PASAJEROS
2017-0060,1,2017-05-13,2017,5,13,07:20:00,7,"ESCALADA AV. y FERNANDEZ DE LA CRUZ, F., GRAL. AV.",8,-58.45966521,-34.67323292,MOTO-OBJETO FIJO,MOTO,OBJETO FIJO
2017-0061,1,2017-05-15,2017,5,15,13:29:30,13,PARAGUAY y CALLAO AV.,2,-58.39303911,-34.59871111,PEATON-MOTO,PEATON,MOTO
2017-0062,1,2017-05-15,2017,5,15,16:00:00,16,"JUSTO, JUAN B. AV. y SAN BLAS",10,-58.51262106,-34.63395999,MOTO-CARGAS,MOTO,CARGAS
2017-0063,1,2017-05-17,2017,5,17,10:13:00,10,CHILE y 9 DE JULIO AV.,1,-58.38118367,-34.61646839,PEATON-PASAJEROS,PEATON,PASAJEROS
2017-0064,1,2017-05-20,2017,5,20,05:00:00,5,"MAIPU y PERON, JUAN DOMINGO, TTE. GENERAL",1,-58.37653284,-34.60582475,CARGAS-AUTO,CARGAS,AUTO
2017-0065,1,2017-05-22,2017,5,22,16:00:00,16,SUAREZ AV. y HERRERA,4,-58.37709334,-34.64035082,BICICLETA-CARGAS,BICICLETA,CARGAS
2017-0066,1,2017-05-22,2017,5,22,18:10:00,18,SAN MARTIN AV. y FRAGATA PRES. SARMIENTO,15,-58.46002142,-34.60409469,PEATON-PASAJEROS,PEATON,PASAJEROS
2017-0067,1,2017-05-23,2017,5,23,02:45:00,2,"DIRECTORIO AV. y MORENO, JOSE MARIA AV.",6,-58.43381970,-34.62801894,MOTO-CARGAS,MOTO,CARGAS
2017-0068,1,2017-05-27,2017,5,27,19:50:00,19,"RABANAL, FRANCISCO, INTENDENTE AV. 2950",8,-58.43580656,-34.66437532,MOTO-OBJETO FIJO,MOTO,OBJETO FIJO
2017-0069,1,2017-05-24,2017,5,24,14:15:00,14,"PAZ, GRAL. AV. y SCHMIDL, ULRICO",9,-58.52173071,-34.65997463,MOTO-SD,MOTO,SD
2017-0070,1,2017-05-30,2017,5,30,13:20:00,13,NUEVA YORK 3696,11,-58.50791763,-34.59804273,PEATON-AUTO,PEATON,AUTO
2017-0072,1,2017-06-03,2017,6,3,23:20:00,23,DE LOS CONSTITUYENTES AV. y VALLEJOS,12,-58.49175088,-34.58226957,AUTO-AUTO,AUTO,AUTO
2017-0073,1,2017-06-04,2017,6,4,09:00:00,9,CORRIENTES AV. y ECUADOR,3,-58.40781467,-34.60425669,MOTO-AUTO,MOTO,AUTO
2017-0074,1,2017-06-04,2017,6,4,12:50:00,12,CASCO 133,9,-58.52567073,-34.63787791,SD-SD,SD,SD
2017-0075,1,2017-06-12,2017,6,12,22:38:00,22,DE MAYO AV. y 9 DE JULIO AV.,1,-58.38154200,-34.60906385,PEATON-MOTO,PEATON,MOTO
2017-0076,1,2017-06-13,2017,6,13,14:50:00,14,"CASTILLO, RAMON S., PRES. AV. y CALLE 12 (NO OFICIAL)",2,-58.38526125,-34.57805810,PEATON-CARGAS,PEATON,CARGAS
2017-0077,1,2017-06-17,2017,6,17,23:45:00,23,FRAY JUSTO SANTAMARIA DE ORO 1930,14,-58.42934104,-34.58451712,MOTO-CARGAS,MOTO,CARGAS
2017-0079,1,2017-06-19,2017,6,19,16:26:00,16,MEXICO y DEAN FUNES,3,-58.40657493,-34.61781124,MOTO-CARGAS,MOTO,CARGAS
2017-0080,1,2017-06-22,2017,6,22,10:15:00,10,"ALBERDI, JUAN BAUTISTA AV. y ESCALADA AV.",9,-58.49525314,-34.64487785,PEATON-CARGAS,PEATON,CARGAS
2017-0082,1,2017-06-25,2017,6,25,22:40:00,22,ENTRE RIOS AV. y BRASIL,4,-58.39092851,-34.62932696,PEATON-AUTO,PEATON,AUTO
2017-0083,1,2017-07-04,2017,7,4,00:25:00,0,"ALBERDI, JUAN BAUTISTA AV. y GUARDIA NACIONAL",9,-58.49603546,-34.64564271,MOTO-CARGAS,MOTO,CARGAS
2017-0084,1,2017-07-05,2017,7,5,12:49:00,12,DEL LIBERTADOR AV. y RODRIGUEZ PEÃ‘A,2,-58.38502878,-34.58703485,PEATON-PASAJEROS,PEATON,PASAJEROS
2017-0085,1,2017-07-07,2017,7,7,14:15:00,14,"TACUARI y GARCIA, MARTIN AV.",4,-58.37261143,-34.63150425,PEATON-PASAJEROS,PEATON,PASAJEROS
2017-0086,1,2017-07-09,2017,7,9,07:30:00,7,RIVADAVIA AV. y MURGUIONDO,9,-58.51876802,-34.63905965,PEATON-MOTO,PEATON,MOTO
2017-0087,1,2017-07-10,2017,7,10,10:45:00,10,24 DE NOVIEMBRE 390,3,-58.41095567,-34.61516101,PEATON-AUTO,PEATON,AUTO
2017-0088,1,2017-07-10,2017,7,10,22:30:00,22,PASEO COLON AV. y BRASIL AV.,1,-58.36797542,-34.62519403,PEATON-PASAJEROS,PEATON,PASAJEROS
2017-0089,1,2017-07-13,2017,7,13,12:05:00,12,"LEGUIZAMON, MARTINIANO 901",9,-58.51514709,-34.64787051,SD-AUTO,SD,AUTO
2017-0090,1,2017-07-15,2017,7,15,05:15:00,5,"CHIVILCOY AV. y PAZ, GRAL. AV.",11,-58.51925642,-34.59171721,PEATON-AUTO,PEATON,AUTO
2017-0091,1,2017-07-15,2017,7,15,13:00:00,13,"SUPERI y PAZ, GRAL. AV.",12,-58.48671535,-34.54321216,MOTO-SD,MOTO,SD
2017-0092,1,2017-07-24,2017,7,24,22:16:01,22,AUTOPISTA 25 DE MAYO y AUTOPISTA 1 SUR PRESIDENTE ARTURO FRONDIZI,1,-58.38268809,-34.62282019,PEATON-AUTO,PEATON,AUTO
2017-0093,1,2017-07-25,2017,7,25,16:48:40,16,"LUGONES, LEOPOLDO AV. y PUENTE DISTRIBUIDOR SCALABRINI ORTIZ",13,-58.43633522,-34.54966288,PEATON-AUTO,PEATON,AUTO
2017-0094,1,2017-07-27,2017,7,27,08:50:00,8,"HUGO, VICTOR 2639",10,-58.52640838,-34.61765855,BICICLETA-CARGAS,BICICLETA,CARGAS
2017-0095,1,2017-08-06,2017,8,6,08:00:00,8,"CORDOBA AV. y SALGUERO, JERONIMO",14,-58.41894306,-34.59778875,MOTO-AUTO,MOTO,AUTO
2017-0096,1,2017-08-07,2017,8,7,19:50:00,19,CABILDO AV. y NUÃ‘EZ,13,-58.46756026,-34.54972741,PEATON-PASAJEROS,PEATON,PASAJEROS
2017-0098,1,2017-08-08,2017,8,8,12:10:00,12,"BONIFACIO, JOSE 2114",7,-58.45715752,-34.63132912,PEATON-AUTO,PEATON,AUTO
2017-0099,1,2017-08-17,2017,8,17,19:45:00,19,"FIGUEROA ALCORTA, PRES. AV. 5400",14,-58.42406784,-34.56213916,BICICLETA-AUTO,BICICLETA,AUTO
2017-0100,1,2017-08-21,2017,8,21,07:45:00,7,REPUBLICA BOLIVARIANA DE VENEZUELA 2135,3,-58.39674470,-34.61512051,MOTO-OBJETO FIJO,MOTO,OBJETO FIJO
2017-0101,1,2017-08-23,2017,8,23,10:00:00,10,"LACROZE, FEDERICO AV. y ZAPATA",13,-58.44537508,-34.57084818,MULTIPLE,PEATON,MULTIPLE
2017-0102,1,2017-08-24,2017,8,24,01:10:00,1,"IRIARTE, GRAL. AV. y ZAVALETA",4,-58.40056767,-34.65107080,PEATON-CARGAS,PEATON,CARGAS
2017-0104,1,2017-08-25,2017,8,25,09:00:00,9,9 DE JULIO AV. y ESTADOS UNIDOS,1,-58.38109568,-34.61853244,PEATON-CARGAS,PEATON,CARGAS
2017-0106,1,2017-08-31,2017,8,31,19:50:00,19,FRAY JUSTO SANTAMARIA DE ORO y GUEMES,14,-58.42533612,-34.58035258,PEATON-PASAJEROS,PEATON,PASAJEROS
2017-0107,1,2017-09-01,2017,9,1,11:30:00,11,DEL LIBERTADOR AV. y JARAMILLO,13,-58.46062311,-34.54395182,MOTO-CARGAS,MOTO,CARGAS
2017-0108,2,2017-09-02,2017,9,2,04:53:08,4,"PAZ, GRAL. AV. y MACHAIN",12,-58.49491054,-34.54795581,AUTO-OBJETO FIJO,OBJETO FIJO,AUTO
2017-0109,1,2017-09-04,2017,9,4,21:00:00,21,DIRECTORIO AV. y PORTELA,7,-58.47130269,-34.63665402,MOTO-AUTO,MOTO,AUTO
2017-0110,1,2017-09-06,2017,9,6,14:15:00,14,"LAVALLE y ALEM, LEANDRO N. AV.",1,-58.37048800,-34.60189492,PEATON-PASAJEROS,PEATON,PASAJEROS
2017-0111,1,2017-09-07,2017,9,7,18:23:37,18,USPALLATA y PIROVANO,4,-58.42023854,-34.64234110,PEATON-CARGAS,PEATON,CARGAS
2017-0112,2,2017-09-10,2017,9,10,09:32:17,9,AUTOPISTA 25 DE MAYO y VARELA AV.,7,-58.45807401,-34.63997430,AUTO-OBJETO FIJO,AUTO,OBJETO FIJO
2017-0113,1,2017-09-11,2017,9,11,06:30:00,6,SANTA FE AV. y MAIPU,1,-58.37697717,-34.59573848,PEATON-PASAJEROS,PEATON,PASAJEROS
2017-0114,1,2017-09-15,2017,9,15,02:30:00,2,ALVEAR AV. y DEL LIBERTADOR AV.,2,-58.39100580,-34.58498660,AUTO-OBJETO FIJO,AUTO,OBJETO FIJO
2017-0115,1,2017-09-19,2017,9,19,18:52:33,18,PAVON AV. y TREINTA Y TRES ORIENTALES,5,-58.42182126,-34.63089661,MOTO-BICICLETA,MOTO,BICICLETA
2017-0116,1,2017-09-20,2017,9,20,22:24:00,22,"PAZ, GRAL. AV. 5750",12,-58.51389422,-34.58075791,MOTO-OBJETO FIJO,MOTO,OBJETO FIJO
2017-0118,1,2017-09-22,2017,9,22,07:02:09,7,"VIEYTES y CRUZ, OSVALDO AV.",4,-58.37585415,-34.65232158,MOTO-AUTO,MOTO,AUTO
2017-0120,1,2017-10-02,2017,10,2,15:55:33,15,AUTOPISTA DELLEPIANE LUIS TTE. GRAL. y ESCALADA AV.,9,-58.47297505,-34.66245085,MOTO-CARGAS,MOTO,CARGAS
2017-0123,1,2017-10-10,2017,10,10,01:05:38,1,ALBARIÃ‘O y ARGENTINA AV.,8,-58.46855503,-34.67216349,PEATON-AUTO,PEATON,AUTO
2017-0124,1,2017-10-12,2017,10,12,14:40:28,14,"RAMIREZ DE VELASCO, JUAN 1211",15,-58.44254033,-34.59185043,MOTO-PASAJEROS,MOTO,PASAJEROS
2017-0125,1,2017-10-13,2017,10,13,06:12:20,6,"FERNANDEZ DE LA CRUZ, F., GRAL. AV. y LARRAYA",8,-58.46622247,-34.67926929,MOTO-OBJETO FIJO,MOTO,OBJETO FIJO
2017-0126,2,2017-10-14,2017,10,14,06:15:00,6,RIESTRA AV. y CAÃ‘ADA DE GOMEZ,8,-58.48003734,-34.68148508,AUTO-OBJETO FIJO,AUTO,OBJETO FIJO
2017-0127,1,2017-10-16,2017,10,16,07:45:00,7,GALLO y CORDOBA AV.,2,-58.41192137,-34.59800248,MOTO-MOTO,MOTO,MOTO
2017-0128,1,2017-10-17,2017,10,17,12:30:00,12,"ARANGUREN, JUAN F., DR. 611",6,-58.44034689,-34.61349731,PEATON-PASAJEROS,PEATON,PASAJEROS
2017-0129,1,2017-10-26,2017,10,26,19:15:15,19,AUTOPISTA PERITO MORENO y AUTOPISTA 25 DE MAYO,9,-58.47155277,-34.64925746,MOTO-PASAJEROS,MOTO,PASAJEROS
2017-0130,1,2017-10-27,2017,10,27,05:30:00,5,CHORROARIN y SAN MARTIN AV.,15,-58.47883099,-34.59967065,AUTO-CARGAS,AUTO,CARGAS
2017-0132,1,2017-10-30,2017,10,30,14:00:00,14,"COSQUIN y ROCA, CNEL. AV.",8,-58.46552171,-34.69374130,MOTO-PASAJEROS,MOTO,PASAJEROS
2017-0134,1,2017-11-06,2017,11,6,18:00:00,18,"ROCA, CNEL. AV. 3555",8,-58.44239720,-34.66777987,PEATON-PASAJEROS,PEATON,PASAJEROS
2017-0135,1,2017-11-07,2017,11,7,12:14:10,12,WARNES AV. y PUNTA ARENAS,15,-58.47032551,-34.59626814,MOTO-CARGAS,MOTO,CARGAS
2017-0136,1,2017-11-16,2017,11,16,08:43:00,8,"BARCO CENTENERA DEL y RABANAL, FRANCISCO, INTENDENTE AV.",4,-58.41827843,-34.65522746,PEATON-PASAJEROS,PEATON,PASAJEROS
2017-0137,1,2017-11-17,2017,11,17,11:45:00,11,MOSCONI GENERAL AV. y SAN NICOLAS,11,-58.51280715,-34.59279388,PEATON-CARGAS,PEATON,CARGAS
2017-0138,1,2017-11-19,2017,11,19,10:30:00,10,"LAFUENTE AV. y PERON, EVA AV.",7,-58.46258582,-34.64385704,MOTO-OBJETO FIJO,MOTO,OBJETO FIJO
2017-0139,1,2017-11-19,2017,11,19,22:30:00,22,"ROCA, CNEL. AV. y ESCALADA AV.",8,-58.45064148,-34.68003614,AUTO-OBJETO FIJO,AUTO,OBJETO FIJO
2017-0140,1,2017-11-19,2017,11,19,23:22:17,23,AUTOPISTA 1 SUR PRESIDENTE ARTURO FRONDIZI,4,.,.,MOTO-PASAJEROS,MOTO,PASAJEROS
2017-0141,1,2017-11-23,2017,11,23,19:45:00,19,"LA PLATA AV. y GOYENA, PEDRO AV.",6,-58.42717783,-34.62513374,PEATON-PASAJEROS,PEATON,PASAJEROS
2017-0143,1,2017-11-25,2017,11,25,21:45:00,21,"TRELLES, MANUEL R. y DIAZ, CESAR, GRAL.",11,-58.46442001,-34.60724519,AUTO-PASAJEROS,AUTO,PASAJEROS
2017-0144,1,2017-11-26,2017,11,26,06:45:00,6,"ROCA, CNEL. AV. y PAZ, GRAL. AV.",8,-58.47064556,-34.69843756,AUTO-OBJETO FIJO,AUTO,OBJETO FIJO
2017-0145,1,2017-11-26,2017,11,26,17:05:00,17,MAZA y DON BOSCO,5,-58.41677733,-34.61223119,MOTO-AUTO,MOTO,AUTO
2017-0147,1,2017-11-28,2017,11,28,11:15:00,11,"PAZ, GRAL. AV. y PERON, EVA AV.",9,-58.50251790,-34.67450313,MOTO-AUTO,MOTO,AUTO
2017-0148,1,2017-11-29,2017,11,29,10:45:00,10,SAN JUAN AV. y LA RIOJA,3,-58.40708125,-34.62438894,PEATON-PASAJEROS,PEATON,PASAJEROS
2017-0149,1,2017-11-30,2017,11,30,12:20:00,12,PASEO COLON AV. y MEXICO,1,-58.36947198,-34.61477051,PEATON-PASAJEROS,PEATON,PASAJEROS
2017-0150,1,2017-12-04,2017,12,4,01:15:00,1,RIVADAVIA AV. y MIRALLA,9,-58.51140889,-34.63934531,PEATON-AUTO,PEATON,AUTO
2017-0151,1,2017-12-04,2017,12,4,02:15:00,2,VIEYTES y LUJAN,4,-58.37460912,-34.65559133,PEATON-PASAJEROS,PEATON,PASAJEROS
2017-0152,1,2017-12-06,2017,12,6,17:30:00,17,CACHI y TRAFUL,4,-58.41146277,-34.65073916,BICICLETA-PASAJEROS,BICICLETA,PASAJEROS
2017-0153,2,2017-12-11,2017,12,11,02:00:00,2,ROSARIO y LA PLATA AV.,6,-58.42855267,-34.61829385,MOTO-PASAJEROS,MOTO,PASAJEROS
2017-0154,1,2017-12-11,2017,12,11,09:15:00,9,ENTRE RIOS AV. y CASEROS AV.,4,-58.39035581,-34.63412287,PEATON-PASAJEROS,PEATON,PASAJEROS
2017-0155,1,2017-12-12,2017,12,12,21:25:41,21,RIVADAVIA AV. 6350,7,-58.45593915,-34.62656868,SD-MOTO,SD,MOTO
2017-0157,1,2017-12-17,2017,12,17,09:02:00,9,"PAZ, GRAL. AV. y HUMAITA",9,-58.52866211,-34.64597065,AUTO-PASAJEROS,AUTO,PASAJEROS
2017-0158,1,2017-12-18,2017,12,18,21:30:00,21,"GUALEGUAYCHU y PAZ, GRAL. AV.",11,-58.52037476,-34.59407024,MOTO-AUTO,MOTO,AUTO
2017-0159,1,2017-12-20,2017,12,20,04:31:27,4,"INDEPENDENCIA AV. y CEVALLOS, VIRREY",1,-58.38896772,-34.61799615,MOTO-AUTO,MOTO,AUTO
2017-0160,1,2017-12-22,2017,12,22,13:15:00,13,NAZCA AV. 365,7,-58.47074114,-34.62771756,PEATON-MOTO,PEATON,MOTO
2017-0161,1,2017-12-26,2017,12,26,15:30:00,15,"PERON, EVA AV. 5249",9,-58.48200819,-34.65969965,PEATON-AUTO,PEATON,AUTO
2018-0001,1,2018-01-01,2018,1,1,22:50:00,22,SAN JUAN AV. y RINCON,3,-58.39536773,-34.62297346,PEATON-MOTO,PEATON,MOTO
2018-0002,1,2018-01-03,2018,1,3,16:40:00,16,PERU 937,1,-58.37456088,-34.61895467,BICICLETA-PASAJEROS,BICICLETA,PASAJEROS
2018-0003,1,2018-01-05,2018,1,5,10:12:00,10,"PUEYRREDON, HONORIO, DR. AV. y GALICIA",15,-58.44860217,-34.60395657,MULTIPLE,PEATON,MULTIPLE
2018-0004,1,2018-01-09,2018,1,9,09:40:00,9,DEL LIBERTADOR AV. y MANZANARES,13,-58.46129513,-34.54332766,MULTIPLE,MOTO,MULTIPLE
2018-0005,1,2018-01-09,2018,1,9,22:30:00,22,PASEO COLON AV. 1019,1,-58.36907201,-34.61953517,PEATON-PASAJEROS,PEATON,PASAJEROS
2018-0006,1,2018-01-10,2018,1,10,21:15:00,21,VALLE y BARCO CENTENERA DEL,6,-58.44062219,-34.62499107,BICICLETA-PASAJEROS,BICICLETA,PASAJEROS
2018-0007,1,2018-01-11,2018,1,11,02:30:00,2,AUTOPISTA PERITO MORENO KM. 0.6,9,-58.52502765,-34.63601265,AUTO-AUTO,AUTO,AUTO
2018-0008,1,2018-01-12,2018,1,12,17:50:00,17,"HUERGO, ING. AV. e INDEPENDENCIA AV.",1,-58.36659655,-34.61687778,MOTO-CARGAS,MOTO,CARGAS
2018-0009,1,2018-01-14,2018,1,14,02:00:00,2,"PILCOMAYO y BROWN, ALTE. AV.",4,-58.36737389,-34.62763661,MOTO-MOTO,MOTO,MOTO
2018-0010,1,2018-01-18,2018,1,18,05:10:00,5,"CERVANTES y BELAUSTEGUI, LUIS, DR.",10,-58.49807953,-34.63038658,MOTO-CARGAS,MOTO,CARGAS
2018-0011,1,2018-01-19,2018,1,19,10:30:00,10,"CALLAO AV. y LOPEZ, VICENTE",2,-58.39092703,-34.59088447,PEATON-PASAJEROS,PEATON,PASAJEROS
2018-0012,1,2018-01-26,2018,1,26,13:30:00,13,"OLIDEN y CHILAVERT, MARTINIANO, CORONEL",8,-58.46912006,-34.68049201,MOTO-PASAJEROS,MOTO,PASAJEROS
2018-0013,1,2018-01-28,2018,1,28,08:15:00,8,CONGRESO AV. y GALVAN,12,-58.48661286,-34.56786129,MOTO-AUTO,MOTO,AUTO
2018-0014,1,2018-01-31,2018,1,31,20:00:00,20,"MORENO, PERITO AV. y RIVERA INDARTE AV.",7,-58.44074927,-34.65080597,PEATON-MOTO,PEATON,MOTO
2018-0015,2,2018-02-06,2018,2,6,01:00:00,1,AUSTRALIA AV. 2800,4,-58.38636298,-34.64684275,MOTO-PASAJEROS,MOTO,PASAJEROS
2018-0016,1,2018-02-15,2018,2,15,10:15:00,10,"DEL LIBERTADOR AV. y RAMOS MEJIA, JOSE MARIA, DR. AV.",1,-58.37533517,-34.59276462,MOTO-CARGAS,MOTO,CARGAS
2018-0017,1,2018-02-17,2018,2,17,04:15:00,4,SAN PEDRITO AV. y RIVADAVIA AV.,7,-58.46963952,-34.63070603,PEATON-AUTO,PEATON,AUTO
2018-0018,1,2018-02-17,2018,2,17,07:15:00,7,"ISABEL LA CATOLICA y SALVADORES, CNEL.",4,-58.37207554,-34.64543658,MOTO-CARGAS,MOTO,CARGAS
2018-0019,1,2018-02-17,2018,2,17,12:30:00,12,LAS HERAS GENERAL AV. y CALLAO AV.,2,-58.39189441,-34.59176378,PEATON-PASAJEROS,PEATON,PASAJEROS
2018-0020,1,2018-02-19,2018,2,19,22:00:00,22,"FERNANDEZ DE LA CRUZ F., GRAL. AV. y AUTOPISTA PRESIDENTE HECTOR J. CAMPORA",8,-58.45012957,-34.66518343,MOTO-CARGAS,MOTO,CARGAS
2018-0021,1,2018-02-22,2018,2,22,10:45:00,10,"ALCORTA, AMANCIO AV. y ZAVALETA",4,-58.40184094,-34.64546845,PEATON-PASAJEROS,PEATON,PASAJEROS
2018-0022,1,2018-02-24,2018,2,24,00:00:00,0,"MONTES DE OCA, MANUEL AV. y OLAVARRIA",4,-58.37441153,-34.63966783,MOTO-CARGAS,MOTO,CARGAS
2018-0023,1,2018-02-24,2018,2,24,06:00:00,6,BARCO CENTENERA DEL y ROSARIO,6,-58.44110156,-34.62082399,MOTO-AUTO,MOTO,AUTO
2018-0024,1,2018-02-28,2018,2,28,23:00:00,23,ALVAREZ THOMAS AV. y DONADO,15,-58.47087351,-34.57827342,PEATON-CARGAS,PEATON,CARGAS
2018-0025,1,2018-03-04,2018,3,4,22:30:00,22,AVELLANEDA AV. y BOYACA AV.,7,-58.45962210,-34.62245140,PEATON-AUTO,PEATON,AUTO
2018-0026,2,2018-03-09,2018,3,9,04:45:00,4,"RABANAL, FRANCISCO, INTENDENTE AV. y SAENZ AV.",4,-58.41657793,-34.65476216,MOVIL-CARGAS,MOVIL,CARGAS
2018-0027,1,2018-03-11,2018,3,11,23:00:00,23,CASTRO y RONDEAU,5,-58.41911301,-34.63722107,PEATON-MOTO,PEATON,MOTO
2018-0028,1,2018-03-13,2018,3,13,15:45:00,15,"BILBAO, FRANCISCO AV. y AZUL",9,-58.47120586,-34.64251042,PEATON-CARGAS,PEATON,CARGAS
2018-0029,1,2018-03-15,2018,3,15,18:00:00,18,NAZCA AV. y GAONA AV.,11,-58.47418944,-34.62049672,MOTO-AUTO,MOTO,AUTO
2018-0030,1,2018-03-20,2018,3,20,01:30:00,1,PLAZA y ALVAREZ THOMAS AV.,15,-58.46720441,-34.57905579,MOTO-MOTO,MOTO,MOTO
2018-0031,1,2018-03-28,2018,3,28,10:15:00,10,"GAONA AV. y ARTIGAS, JOSE GERVASIO, GRAL.",11,-58.46909362,-34.61779710,MOTO-CARGAS,MOTO,CARGAS
2018-0032,1,2018-04-02,2018,4,2,13:00:00,13,CABILDO AV. y AGUILAR,13,-58.44704343,-34.56888640,PEATON-PASAJEROS,PEATON,PASAJEROS
2018-0033,1,2018-04-07,2018,4,7,07:30:00,7,CAMARONES y LOPE DE VEGA AV.,10,-58.50535541,-34.62902048,MOTO-CARGAS,MOTO,CARGAS
2018-0034,1,2018-04-11,2018,4,11,18:15:00,18,SANTA FE AV. 2320,2,-58.40021675,-34.59522198,PEATON-PASAJEROS,PEATON,PASAJEROS
2018-0035,1,2018-04-12,2018,4,12,16:45:00,16,RIVADAVIA AV. 6950,7,-58.46325991,-34.62919627,PEATON-PASAJEROS,PEATON,PASAJEROS
2018-0036,1,2018-04-13,2018,4,13,23:15:00,23,SAN MARTIN AV. y ARGERICH,15,-58.49471482,-34.59694755,MOTO-AUTO,MOTO,AUTO
2018-0037,1,2018-04-18,2018,4,18,18:45:00,18,"CORDOBA AV. y URIBURU JOSE E., PRES.",2,-58.39872610,-34.59975962,PEATON-CARGAS,PEATON,CARGAS
2018-0038,2,2018-04-20,2018,4,20,17:10:00,17,RIVADAVIA AV. 1571,1,-58.38872177,-34.60885045,PEATON-AUTO,PEATON,AUTO
2018-0039,1,2018-04-21,2018,4,21,22:15:00,22,,14,.,.,PEATON-AUTO,PEATON,AUTO
2018-0040,1,2018-04-27,2018,4,27,11:00:00,11,"FREIRE, RAMON, CAP. GRAL. y OLAGUER Y FELIU, VIRREY",13,-58.45686132,-34.57305993,PEATON-CARGAS,PEATON,CARGAS
2018-0041,1,2018-04-27,2018,4,27,13:30:00,13,"LA PLATA AV. y FERNANDEZ DE LA CRUZ, F., GRAL. AV.",4,-58.42281627,-34.64282424,PEATON-PASAJEROS,PEATON,PASAJEROS
2018-0042,1,2018-04-27,2018,4,27,18:43:00,18,BRANDSEN y PERDRIEL,4,-58.38666024,-34.63953396,MOTO-CARGAS,MOTO,CARGAS
2018-0043,1,2018-04-28,2018,4,28,06:30:00,6,"VILARDEBO, TEODORO y ALVAREZ JONTE AV.",11,-58.49122843,-34.61207587,MOTO-AUTO,MOTO,AUTO
2018-0044,1,2018-04-28,2018,4,28,09:00:00,9,ALBERTI e INDEPENDENCIA AV.,3,-58.40098306,-34.61866627,PEATON-AUTO,PEATON,AUTO
2018-0045,1,2018-04-30,2018,4,30,07:00:00,7,ALVAREZ THOMAS AV. 879,13,-58.45448963,-34.57916920,AUTO-CARGAS,AUTO,CARGAS
2018-0046,1,2018-05-02,2018,5,2,03:15:00,3,"PAZ, GRAL. AV. y RIVADAVIA AV.",9,-58.52927982,-34.63931752,PEATON-AUTO,PEATON,AUTO
2018-0047,1,2018-05-08,2018,5,8,19:00:00,19,CORRIENTES AV. y DORREGO AV.,15,-58.44759966,-34.59170240,PEATON-PASAJEROS,PEATON,PASAJEROS
2018-0048,1,2018-05-09,2018,5,9,10:30:00,10,RIVADAVIA AV. y PEDERNERA,7,-58.46411215,-34.62925068,PEATON-PASAJEROS,PEATON,PASAJEROS
2018-0049,1,2018-05-11,2018,5,11,19:15:00,19,QUESADA 2300,13,-58.46213220,-34.55395823,PEATON-AUTO,PEATON,AUTO
2018-0050,1,2018-05-14,2018,5,14,18:45:00,18,CABILDO AV. y JURAMENTO AV.,13,-58.45669422,-34.56203610,PEATON-PASAJEROS,PEATON,PASAJEROS
2018-0051,1,2018-05-15,2018,5,15,21:15:00,21,"CALIFORNIA y CARBONARI, FRANCISCO, CMTE.",4,-58.35977160,-34.64341878,PEATON-AUTO,PEATON,AUTO
2018-0052,1,2018-05-18,2018,5,18,20:30:00,20,"CARRIL, SALVADOR MARIA DEL AV. y NAZCA",15,-58.49820145,-34.59070093,PEATON-PASAJEROS,PEATON,PASAJEROS
2018-0053,1,2018-05-20,2018,5,20,02:30:00,2,SAN LUIS y AGUERO,3,-58.41059280,-34.59939180,MOTO-AUTO,MOTO,AUTO
2018-0054,1,2018-05-22,2018,5,22,11:15:00,11,LUGONES 2430,12,-58.47969138,-34.57121563,PEATON-BICICLETA,PEATON,BICICLETA
2018-0055,1,2018-05-29,2018,5,29,07:30:00,7,INDEPENDENCIA AV. y JUJUY AV.,3,-58.40351561,-34.61883916,MOTO-AUTO,MOTO,AUTO
2018-0056,1,2018-06-02,2018,6,2,13:00:00,13,RIVADAVIA AV. 11050,9,-58.51973844,-34.63918987,PEATON-PASAJEROS,PEATON,PASAJEROS
2018-0057,1,2018-06-03,2018,6,3,03:30:00,3,COMBATE DE LOS POZOS y HUMBERTO 1Â°,3,-58.39311376,-34.62163006,MOTO-PASAJEROS,MOTO,PASAJEROS
2018-0058,1,2018-06-03,2018,6,3,06:30:00,6,CORDOBA AV. y THAMES,15,-58.43531242,-34.59082159,MOTO-AUTO,MOTO,AUTO
2018-0059,1,2018-06-08,2018,6,8,06:20:00,6,"GARAY, JUAN DE AV. y SANCHEZ DE LORIA",5,-58.41178165,-34.63035454,MOTO-MOVIL,MOTO,OTRO
2018-0060,1,2018-06-08,2018,6,8,12:50:00,12,"LAVALLE y ALEM, LEANDRO N. AV.",1,-58.37048800,-34.60189492,PEATON-PASAJEROS,PEATON,PASAJEROS
2018-0061,1,2018-06-10,2018,6,10,11:15:00,11,ESTADOS UNIDOS y PICHINCHA,3,-58.39883882,-34.61964833,MOTO-MOTO,MOTO,MOTO
2018-0062,1,2018-06-14,2018,6,14,01:00:00,1,ROSARIO y BARCO CENTENERA DEL,6,-58.44110156,-34.62082399,PEATON-CARGAS,PEATON,CARGAS
2018-0063,1,2018-06-16,2018,6,16,21:15:00,21,"ALEM, LEANDRO N. AV. y VIAMONTE",1,-58.37093138,-34.59952725,PEATON-PASAJEROS,PEATON,PASAJEROS
2018-0064,1,2018-06-25,2018,6,25,01:15:00,1,VARELA AV. y PRIMERA JUNTA,7,-58.45855262,-34.63953253,AUTO-CARGAS,AUTO,CARGAS
2018-0065,1,2018-06-26,2018,6,26,17:30:00,17,"PELLEGRINI, CARLOS y JUNCAL",1,-58.38161909,-34.59283447,MOTO-CARGAS,MOTO,CARGAS
2018-0066,1,2018-06-28,2018,6,28,11:00:00,11,"CORRIENTES AV. y LACROZE, FEDERICO AV.",15,-58.45511899,-34.58698157,PEATON-PASAJEROS,PEATON,PASAJEROS
2018-0067,1,2018-06-29,2018,6,29,16:15:00,16,"MONTES DE OCA, MANUEL AV. y FINOCHIETTO ENRIQUE DR.",4,-58.37724226,-34.62973033,PASAJEROS-AUTO,PASAJEROS,AUTO
2018-0068,1,2018-07-01,2018,7,1,09:00:00,9,"CARABOBO AV. y ALBERDI, JUAN BAUTISTA AV.",7,-58.45546217,-34.62930339,MOTO-AUTO,MOTO,AUTO
2018-0069,1,2018-07-04,2018,7,4,21:45:00,21,CORDOBA AV. 2215,2,-58.39897064,-34.59954925,BICICLETA-PASAJEROS,BICICLETA,PASAJEROS
2018-0070,1,2018-07-07,2018,7,7,15:45:00,15,"ESTADOS UNIDOS y URQUIZA, GRAL.",3,-58.40917826,-34.62126274,MOTO-PASAJEROS,MOTO,PASAJEROS
2018-0071,1,2018-07-10,2018,7,10,17:50:00,17,"MORENO y HUERGO, ING. AV.",1,-58.36726348,-34.61099738,MOTO-CARGAS,MOTO,CARGAS
2018-0072,1,2018-07-11,2018,7,11,13:15:00,13,AUTOPISTA DELLEPIANE LUIS TTE. GRAL. y MONTIEL,8,-58.48267426,-34.68454456,MOTO-CARGAS,MOTO,CARGAS
2018-0073,1,2018-07-11,2018,7,11,15:45:00,15,"IRIARTE, GRAL. AV. 3400",4,-58.39546165,-34.65168841,PEATON-CARGAS,PEATON,CARGAS
2018-0074,1,2018-07-14,2018,7,14,06:04:00,6,"ALBERDI, JUAN BAUTISTA AV. 2968",7,-58.46941984,-34.63376545,AUTO-CARGAS,AUTO,CARGAS
2018-0075,1,2018-07-15,2018,7,15,07:30:00,7,DEL LIBERTADOR AV. y ORTIZ DE OCAMPO,14,-58.40367321,-34.58129246,PEATON-AUTO,PEATON,AUTO
2018-0076,1,2018-07-16,2018,7,16,09:30:00,9,"CHAVEZ, JORGE y PAZ, GRAL. AV.",9,-58.52932872,-34.65014993,AUTO-CARGAS,AUTO,CARGAS
2018-0077,1,2018-07-16,2018,7,16,23:15:00,23,"URQUIZA, GRAL. y ESTADOS UNIDOS",3,-58.40917826,-34.62126274,AUTO-CARGAS,AUTO,CARGAS
2018-0078,1,2018-07-21,2018,7,21,06:15:00,6,PARAGUAY y SANCHEZ DE BUSTAMANTE,2,-58.41264127,-34.59473294,PEATON-AUTO,PEATON,AUTO
2018-0079,1,2018-07-23,2018,7,23,07:15:00,7,"DE LOS CORRALES AV. y PAZ, GRAL. AV.",9,-58.50877521,-34.66977709,PEATON-CARGAS,PEATON,CARGAS
2018-0080,1,2018-07-25,2018,7,25,22:22:00,22,"ALBERDI, JUAN BAUTISTA AV. y CARHUE",9,-58.51232237,-34.65903530,PEATON-AUTO,PEATON,AUTO
2018-0081,1,2018-07-29,2018,7,29,06:30:00,6,CASTAÃ‘ARES AV. y RIVERA INDARTE AV.,7,-58.44744156,-34.64567171,MULTIPLE,PEATON,MULTIPLE
2018-0082,1,2018-08-01,2018,8,1,15:53:00,15,"LARRAZABAL y GARZON, EUGENIO, GRAL. AV.",9,-58.49441273,-34.65869968,MOTO-CARGAS,MOTO,CARGAS
2018-0083,1,2018-08-02,2018,8,2,05:20:00,5,"PAZ, GRAL. AV. y FERNANDEZ DE LA CRUZ, F., GRAL. AV.",8,-58.47976785,-34.69153196,MOTO-CARGAS,MOTO,CARGAS
2018-0084,1,2018-08-03,2018,8,3,07:25:00,7,"MOREAU DE JUSTO, ALICIA AV. y COCHABAMBA",1,-58.36523349,-34.62260331,PEATON-CARGAS,PEATON,CARGAS
2018-0085,2,2018-08-03,2018,8,3,18:16:00,18,"ENTRE RIOS AV. y GARAY, JUAN DE AV.",3,-58.39118948,-34.62704273,MOTO-PASAJEROS,MOTO,PASAJEROS
2018-0086,1,2018-08-10,2018,8,10,21:44:00,21,DIRECTORIO AV. y GUARDIA NACIONAL,9,-58.49019551,-34.65015854,PEATON-PASAJEROS,PEATON,PASAJEROS
2018-0087,1,2018-08-15,2018,8,15,19:20:00,19,PAVON AV. y COLOMBRES,5,-58.41644362,-34.63023775,PEATON-PASAJEROS,PEATON,PASAJEROS
2018-0088,1,2018-08-17,2018,8,17,16:36:00,16,"PAZ, GRAL. AV. y BALBIN, RICARDO, DR. AV.",12,-58.50073810,-34.54979510,MOTO-CARGAS,MOTO,CARGAS
2018-0089,1,2018-08-17,2018,8,17,17:56:00,17,PICHINCHA AV. y BRASIL,4,-58.39626094,-34.63036565,PEATON-PASAJEROS,PEATON,PASAJEROS
2018-0090,1,2018-08-18,2018,8,18,10:34:00,10,27 DE FEBRERO AV. y PERGAMINO,8,-58.43284809,-34.67051543,MOTO-AUTO,MOTO,AUTO
2018-0091,1,2018-08-19,2018,8,19,18:47:00,18,AUTOPISTA PERITO MORENO y BARRAGAN,9,-58.52280139,-34.63659934,AUTO-AUTO,AUTO,AUTO
2018-0092,1,2018-08-20,2018,8,20,08:20:00,8,CORDOBA AV. y GASCON,14,-58.42336930,-34.59774487,MOTO-AUTO,MOTO,AUTO
2018-0093,1,2018-08-20,2018,8,20,08:41:00,8,15 DE NOVIEMBRE DE 1889 1513,1,-58.38691681,-34.63105973,PEATON-PASAJEROS,PEATON,PASAJEROS
2018-0094,1,2018-08-23,2018,8,23,05:35:00,5,"SALGUERO, JERONIMO y BERUTI",14,-58.41169020,-34.58579880,MOTO-PASAJEROS,MOTO,PASAJEROS
2018-0095,1,2018-08-26,2018,8,26,00:59:00,0,"LACARRA AV. y DELLEPIANE, LUIS, TTE. GRAL.",9,-58.46739825,-34.65117757,AUTO-AUTO,AUTO,AUTO
2018-0096,1,2018-08-31,2018,8,31,22:20:00,22,"AUTOPISTA PRESIDENTE HÃ‰CTOR J. CÃMPORA y ROCA, CNEL. AV.",8,-58.44483258,-34.67152226,PEATON-AUTO,PEATON,AUTO
2018-0097,1,2018-09-02,2018,9,2,10:50:00,10,"VARELA AV. y RABANAL, FRANCISCO, INTENDENTE AV.",8,-58.43254025,-34.66128115,AUTO-MOVIL,AUTO,OTRO
2018-0098,2,2018-09-09,2018,9,9,05:00:00,5,"PAZ, GRAL. AV. y BERON DE ASTRADA",8,-58.47199387,-34.69640164,AUTO-AUTO,AUTO,AUTO
2018-0099,1,2018-09-12,2018,9,12,14:25:00,14,RIVADAVIA AV. y PEDERNERA,7,-58.46411215,-34.62925068,PEATON-PASAJEROS,PEATON,PASAJEROS
2018-0100,1,2018-09-20,2018,9,20,10:30:00,10,"RAWSON DE DELLEPIANE, ELVIRA AV. 150",1,-58.36217754,-34.62367156,MOTO-AUTO,MOTO,AUTO
2018-0101,1,2018-09-21,2018,9,21,00:15:00,0,"PAZ, GRAL. AV. y ZAPIOLA",12,-58.48098594,-34.54073130,MULTIPLE,AUTO,MULTIPLE
2018-0102,1,2018-09-21,2018,9,21,00:30:00,0,"FAMATINA y TABORDA, DIOGENES",4,-58.41083404,-34.64640709,MOTO-AUTO,MOTO,AUTO
2018-0103,1,2018-09-27,2018,9,27,17:51:00,17,"CASTAÃ‘ARES AV. y BONORINO, ESTEBAN, CNEL. AV.",7,-58.44609828,-34.64446729,PEATON-MOTO,PEATON,MOTO
2018-0104,1,2018-10-01,2018,10,1,08:58:00,8,AUTOPISTA 1 SUR PRESIDENTE ARTURO FRONDIZI y SUAREZ AV.,4,-58.37709334,-34.64035082,MOTO-MOTO,MOTO,MOTO
2018-0105,1,2018-10-03,2018,10,3,18:12:00,18,NAZCA AV. y RIVADAVIA AV.,7,-58.46963952,-34.63070603,PEATON-PASAJEROS,PEATON,PASAJEROS
2018-0106,1,2018-10-04,2018,10,4,22:02:00,22,"FIGUEROA ALCORTA, PRES. AV. y ECHEVERRIA",13,-58.43674281,-34.55161027,MOTO-MOTO,MOTO,MOTO
2018-0107,1,2018-10-06,2018,10,6,14:20:00,14,RIVADAVIA AV. y JUJUY AV.,3,-58.40596860,-34.61011987,PEATON-PASAJEROS,PEATON,PASAJEROS
2018-0108,1,2018-10-09,2018,10,9,14:00:00,14,"DE LOS ITALIANOS AV. y GUEMES, MACACHA",1,-58.36154069,-34.60463618,MOTO-AUTO,MOTO,AUTO
2018-0109,1,2018-10-10,2018,10,10,22:12:00,22,"TUCUMAN y ALEM, LEANDRO N. AV.",1,-58.37062179,-34.60066507,PEATON-PASAJEROS,PEATON,PASAJEROS
2018-0110,1,2018-10-13,2018,10,13,03:05:00,3,"CORRIENTES AV. y GALLARDO, ANGEL AV.",15,-58.43220014,-34.60207186,PEATON-MOTO,PEATON,MOTO
2018-0111,1,2018-10-19,2018,10,19,12:13:00,12,"AUTOPISTA PERITO MORENO & PERON, EVA  AV.",9,-58.46958442,-34.64949724,MOTO-CARGAS,MOTO,CARGAS
2018-0112,1,2018-10-24,2018,10,24,09:18:00,9,MUÃ‘ECAS y SERRANO,15,-58.44671397,-34.59970903,MOTO-CARGAS,MOTO,CARGAS
2018-0113,1,2018-10-25,2018,10,25,11:00:00,11,"ARTIGAS, JOSE GERVASIO, GRAL. y TRES ARROYOS",11,-58.47152163,-34.61474911,MOTO-CARGAS,MOTO,CARGAS
2018-0114,1,2018-10-30,2018,10,30,02:15:00,2,SOLIS e INDEPENDENCIA AV.,1,-58.39032921,-34.61807951,MOTO-AUTO,MOTO,AUTO
2018-0115,1,2018-10-31,2018,10,31,12:30:00,12,"BOSCH, VENTURA y PAZ, GRAL. AV.",9,-58.52887773,-34.64297861,PEATON-PASAJEROS,PEATON,PASAJEROS
2018-0116,1,2018-11-01,2018,11,1,10:50:00,10,"PAZ, GRAL. AV. 14800",8,-58.49371157,-34.67981324,PEATON-CARGAS,PEATON,CARGAS
2018-0117,1,2018-11-04,2018,11,4,08:15:00,8,"PERON, EVA AV. 5321",9,-58.48266599,-34.66012327,MOTO-MOTO,MOTO,MOTO
2018-0118,1,2018-11-05,2018,11,5,14:49:00,14,"PERON, JUAN DOMINGO, TTE. GENERAL y PUEYRREDON AV.",3,-58.40612253,-34.60774301,PEATON-MOTO,PEATON,MOTO
2018-0119,1,2018-11-05,2018,11,5,22:35:00,22,"RABANAL, FRANCISCO, INTENDENTE AV. y SAN PEDRITO",8,-58.43613623,-34.66292532,PEATON-SD,PEATON,SD
2018-0120,1,2018-11-09,2018,11,9,13:34:00,13,MONROE y ALVAREZ THOMAS AV.,12,-58.48250732,-34.57208238,PEATON-AUTO,PEATON,AUTO
2018-0121,1,2018-11-09,2018,11,9,16:32:00,16,RIVADAVIA AV. y MANZONI,10,-58.49945705,-34.63743280,PEATON-PASAJEROS,PEATON,PASAJEROS
2018-0122,1,2018-11-12,2018,11,12,01:00:00,1,AUTOPISTA DELLEPIANE LUIS TTE. GRAL. y LARRAZABAL,8,-58.47743966,-34.67233407,AUTO-AUTO,AUTO,AUTO
2018-0123,1,2018-11-12,2018,11,12,03:32:00,3,"PAZ, GRAL. AV. y PERON, EVA AV.",9,-58.50251790,-34.67450313,AUTO-SD,AUTO,SD
2018-0124,1,2018-11-15,2018,11,15,19:40:00,19,AUTOPISTA PERITO MORENO y RESERVISTAS ARGENTINOS,9,-58.52144411,-34.63682499,CARGAS-CARGAS,CARGAS,CARGAS
2018-0125,1,2018-11-16,2018,11,16,21:12:00,21,SAENZ AV. y VENTANA,4,-58.41650465,-34.65084045,PEATON-PASAJEROS,PEATON,PASAJEROS
2018-0126,1,2018-11-18,2018,11,18,12:11:00,12,"PAZ, GRAL. AV. y FALCON, RAMON L.,CNEL.",9,-58.52994219,-34.64055918,MOTO-AUTO,MOTO,AUTO
2018-0127,1,2018-11-19,2018,11,19,09:14:00,9,"PAZ, GRAL. AV. y DE LOS CONSTITUYENTES AV.",12,-58.50993046,-34.56919739,MOTO-MOTO,MOTO,MOTO
2018-0128,2,2018-11-25,2018,11,25,04:30:00,4,"PAZ, GRAL. AV. 11200",9,-58.52844623,-34.64592873,AUTO-PASAJEROS,AUTO,PASAJEROS
2018-0129,1,2018-11-28,2018,11,28,04:01:00,4,"NEWBERY, JORGE AV. y GUEVARA",15,-58.45021367,-34.58695347,MOTO-PASAJEROS,MOTO,PASAJEROS
2018-0130,1,2018-12-03,2018,12,3,03:00:00,3,GAONA AV. y SEGUROLA AV.,10,-58.49022072,-34.62770192,MOTO-PASAJEROS,MOTO,PASAJEROS
2018-0131,1,2018-12-07,2018,12,7,19:10:00,19,"MADERO, EDUARDO AV. 550",1,-58.36860866,-34.60106568,MOTO-CARGAS,MOTO,CARGAS
2018-0132,1,2018-12-12,2018,12,12,08:26:00,8,"AUTOPISTA ARTURO ILLIA y CASTILLO, RAMON S., PRES. AV.",2,-58.39490504,-34.57241534,PEATON-CARGAS,PEATON,CARGAS
2018-0133,1,2018-12-12,2018,12,12,14:07:00,14,NAZCA AV. y RIVADAVIA AV.,7,-58.46963952,-34.63070603,PEATON-CARGAS,PEATON,CARGAS
2018-0134,1,2018-12-12,2018,12,12,21:00:00,21,LA PLATA AV. y CASEROS AV.,7,-58.42349365,-34.64019887,PEATON-MOTO,PEATON,MOTO
2018-0135,1,2018-12-18,2018,12,18,14:40:00,14,BELGRANO AV. y PERU,1,-58.37471802,-34.61265002,PEATON-PASAJEROS,PEATON,PASAJEROS
2018-0136,1,2018-12-18,2018,12,18,15:42:00,15,RIVADAVIA AV. 7013,7,-58.46438789,-34.62913916,PEATON-PASAJEROS,PEATON,PASAJEROS
2018-0137,1,2018-12-18,2018,12,18,20:15:00,20,"ALSINA, ADOLFO y SANTIAGO DEL ESTERO",1,-58.38481975,-34.61100424,MOTO-PASAJEROS,MOTO,PASAJEROS
2018-0138,1,2018-12-21,2018,12,21,09:30:00,9,BERMUDEZ 1893,10,-58.50751833,-34.62073702,PASAJEROS-PASAJEROS,PASAJEROS,PASAJEROS
2018-0139,1,2018-12-22,2018,12,22,06:30:00,6,SANTANDER 1974,7,-58.44682986,-34.63888084,MOTO-MOTO,MOTO,MOTO
2018-0140,1,2018-12-22,2018,12,22,08:05:00,8,LANTERI JULIETA 1400,1,-58.36004650,-34.61381341,AUTO-AUTO,AUTO,AUTO
2018-0141,1,2018-12-22,2018,12,22,17:40:00,17,MAZA e INDEPENDENCIA AV.,5,-58.41509546,-34.62085945,PEATON-MOTO,PEATON,MOTO
2018-0142,1,2018-12-25,2018,12,25,13:30:00,13,"PAZ, GRAL. AV. 5172",12,-58.50997604,-34.57251072,CARGAS-PASAJEROS,CARGAS,PASAJEROS
2018-0143,1,2018-12-29,2018,12,29,05:25:00,5,"OLIVERA AV. y ALBERDI, JUAN BAUTISTA AV.",10,-58.48606475,-34.64047818,MOTO-AUTO,MOTO,AUTO
2019-0001,1,2019-01-08,2019,1,8,08:30:00,8,"CASTILLO, RAMON S., PRES. AV. y CALLE 12 (NO OFICIAL)",2,-58.38526125,-34.57805810,MOTO-CARGAS,MOTO,CARGAS
2019-0002,1,2019-01-09,2019,1,9,04:00:00,4,"CASTAÃ‘ARES AV. y MORENO, PERITO AV.",7,-58.45463662,-34.65082149,AUTO-CARGAS,AUTO,CARGAS
2019-0003,1,2019-01-12,2019,1,12,08:00:00,8,SAN MARTIN AV. y TERRADA,15,-58.49121672,-34.59718073,MOTO-AUTO,MOTO,AUTO
2019-0004,1,2019-01-14,2019,1,14,19:58:00,19,"PERON, EVA AV. y MEDINA",9,-58.47325712,-34.65284605,AUTO-PASAJEROS,AUTO,PASAJEROS
2019-0005,1,2019-01-19,2019,1,19,12:00:00,12,"JUSTO, JUAN B. AV. y ALVAREZ JONTE AV.",10,-58.52108101,-34.63382309,MOTO-CARGAS,MOTO,CARGAS
2019-0006,1,2019-01-23,2019,1,23,05:45:00,5,"OBLIGADO RAFAEL, AV.COSTANERA 4650",14,-58.41652702,-34.55509606,PEATON-AUTO,PEATON,AUTO
2019-0007,1,2019-01-26,2019,1,26,19:34:00,19,"MITRE, BARTOLOME y YATAY",5,-58.42891604,-34.61071660,MOTO-AUTO,MOTO,AUTO
2019-0008,1,2019-01-30,2019,1,30,22:45:00,22,"PAZ, GRAL. AV. 16080",8,-58.47802293,-34.69156793,MULTIPLE,MOTO,MULTIPLE
2019-0009,1,2019-01-31,2019,1,31,14:55:00,14,CHACABUCO y SAN JUAN AV.,1,-58.37564821,-34.62200207,MOTO-AUTO,MOTO,AUTO
2019-0010,2,2019-02-02,2019,2,2,07:50:00,7,DEL LIBERTADOR AV. 4100,14,-58.42668489,-34.56961468,PEATON-AUTO,PEATON,AUTO
2019-0011,1,2019-02-10,2019,2,10,01:00:00,1,"PAZ, GRAL. AV. y ALBERDI, JUAN BAUTISTA AV.",9,-58.51839930,-34.66252488,PEATON-AUTO,PEATON,AUTO
2019-0012,1,2019-02-17,2019,2,17,03:16:00,3,"CASTAÃ‘ARES AV. y GORDILLO, TIMOTEO",8,-58.48432691,-34.67665828,MOTO-AUTO,MOTO,AUTO
2019-0013,1,2019-02-20,2019,2,20,07:30:00,7,SALVIGNY y MOM,7,-58.43383830,-34.64457699,PEATON-AUTO,PEATON,AUTO
2019-0014,1,2019-02-20,2019,2,20,17:30:00,17,"LAMARCA, EMILIO 5402",11,-58.51664939,-34.58657938,MOTO-OBJETO FIJO,MOTO,OBJETO FIJO
2019-0015,1,2019-02-23,2019,2,23,06:57:00,6,SAN MARTIN AV. 5638,11,-58.49613012,-34.59703502,AUTO-OBJETO FIJO,AUTO,OBJETO FIJO
2019-0016,1,2019-02-24,2019,2,24,02:00:00,2,"CARRILLO, RAMON, DR. y FINOCHIETTO ENRIQUE DR.",4,-58.38313603,-34.63356284,MOTO-PASAJEROS,MOTO,PASAJEROS
2019-0017,1,2019-03-03,2019,3,3,07:00:00,7,MEXICO y PICHINCHA,3,-58.39914719,-34.61632317,AUTO-PASAJEROS,AUTO,PASAJEROS
2019-0018,1,2019-03-03,2019,3,3,23:30:00,23,"CANTILO, INT. y UDAONDO, GUILLERMO AV.",13,-58.44927253,-34.54048625,PEATON-AUTO,PEATON,AUTO
2019-0019,1,2019-03-06,2019,3,6,12:00:00,12,DEL LIBERTADOR AV. 6326,13,-58.45049163,-34.55374003,MOTO-AUTO,MOTO,AUTO
2019-0020,1,2019-03-07,2019,3,7,21:01:00,21,CHICLANA AV. 3444,5,-58.41288952,-34.63572989,MOTO-AUTO,MOTO,AUTO
2019-0021,1,2019-03-15,2019,3,15,22:50:00,22,BOYACA AV. y YERBAL,7,-58.45743597,-34.62561234,MOTO-AUTO,MOTO,AUTO
2019-0022,1,2019-03-15,2019,3,15,1900-01-02 00:00:00,0,ENTRE RIOS AV. 1260,1,-58.39123782,-34.62352245,AUTO-SD,AUTO,SD
2019-0023,1,2019-03-16,2019,3,16,08:28:00,8,"PAZ, GRAL. AV. y JACQUES, AMADEO",9,-58.52922765,-34.63637963,AUTO-OBJETO FIJO,AUTO,OBJETO FIJO
2019-0024,1,2019-03-19,2019,3,19,1900-01-14 07:12:00,7,ANTARTIDA ARGENTINA AV. 1325,1,-58.37208118,-34.58541957,MOTO-CARGAS,MOTO,CARGAS
2019-0025,1,2019-03-22,2019,3,22,13:10:00,13,"MITRE, BARTOLOME y SANCHEZ DE BUSTAMANTE",5,-58.41458534,-34.60937557,PEATON-AUTO,PEATON,AUTO
2019-0026,1,2019-03-28,2019,3,28,07:32:00,7,"FERNANDEZ DE LA CRUZ, F., GRAL. AV. y PAZ, GRAL. AV.",8,-58.47976785,-34.69153196,PEATON-PASAJEROS,PEATON,PASAJEROS
2019-0027,1,2019-03-28,2019,3,28,11:11:00,11,SANTA FE AV. y AZCUENAGA,2,-58.39990285,-34.59511714,MULTIPLE,BICICLETA,MULTIPLE
2019-0028,1,2019-04-06,2019,4,6,09:15:00,9,"JUSTO, JUAN B. AV. y OROÃ‘O, NICASIO",11,-58.46051346,-34.60588536,PEATON-PASAJEROS,PEATON,PASAJEROS
2019-0029,1,2019-04-07,2019,4,7,10:15:00,10,"FERNANDEZ DE LA CRUZ, F., GRAL. AV. y PAZ, GRAL. AV.",8,-58.47976785,-34.69153196,MOTO-OBJETO FIJO,MOTO,OBJETO FIJO
2019-0030,1,2019-04-09,2019,4,9,16:00:00,16,"ALVAREZ, DONATO, TTE. GRAL. y YERBAL",7,-58.45457546,-34.62447891,MOTO-CARGAS,MOTO,CARGAS
2019-0031,1,2019-04-12,2019,4,12,19:55:00,19,"CORDOBA AV. y MADERO, EDUARDO AV.",1,-58.36951669,-34.59832047,BICICLETA-CARGAS,BICICLETA,CARGAS
2019-0032,1,2019-04-16,2019,4,16,11:00:00,11,"CAMARONES y ALVAREZ, DONATO, TTE. GRAL. AV.",11,-58.46415322,-34.60443790,PEATON-AUTO,PEATON,AUTO
2019-0033,1,2019-04-18,2019,4,18,01:00:00,1,"AUTOPISTA 25 DE MAYO y HUERGO, ING. AV.",1,-58.36607137,-34.62150748,MOTO-SD,MOTO,SD
2019-0034,1,2019-04-21,2019,4,21,09:08:00,9,"MORENO, PERITO AV. 3050",7,-58.45537373,-34.65093074,MOTO-OBJETO FIJO,MOTO,OBJETO FIJO
2019-0035,1,2019-04-23,2019,4,23,14:10:00,14,SUIPACHA 665,1,-58.37942637,-34.60053054,PEATON-BICICLETA,PEATON,BICICLETA
2019-0036,1,2019-04-26,2019,4,26,22:46:00,22,RIGLOS y FORMOSA,6,-58.43680440,-34.62147504,MOTO-AUTO,MOTO,AUTO
2019-0037,1,2019-05-01,2019,5,1,23:10:00,23,LA RIOJA e INDEPENDENCIA AV.,3,-58.40778291,-34.61971907,MOTO-AUTO,MOTO,AUTO
2019-0038,1,2019-05-04,2019,5,4,14:10:00,14,"UDAONDO, GUILLERMO AV. y FIGUEROA ALCORTA, PRES. AV.",13,-58.45212523,-34.54628513,PEATON-MOTO,PEATON,MOTO
2019-0039,1,2019-05-09,2019,5,9,03:05:00,3,SAN PEDRITO AV. y DIRECTORIO AV.,7,-58.46749188,-34.63551751,MOTO-AUTO,MOTO,AUTO
2019-0040,1,2019-05-09,2019,5,9,12:45:00,12,PUAN y SANTANDER,7,-58.44263580,-34.63679732,MOTO-SD,MOTO,SD
2019-0041,1,2019-05-11,2019,5,11,20:30:00,20,"ALBERDI, JUAN BAUTISTA AV. y ANDALGALA",9,-58.51140289,-34.65846419,MULTIPLE,AUTO,MULTIPLE
2019-0042,1,2019-05-14,2019,5,14,15:00:00,15,LIMA y CONSTITUCION,1,-58.38211431,-34.62465368,PEATON-PASAJEROS,PEATON,PASAJEROS
2019-0043,1,2019-05-21,2019,5,21,09:00:00,9,"CORDOBA AV. y MADERO, EDUARDO AV.",1,-58.36951669,-34.59832047,BICICLETA-CARGAS,BICICLETA,CARGAS
2019-0044,1,2019-05-27,2019,5,27,12:45:00,12,BOEDO AV. 650,5,-58.41635217,-34.62036547,PEATON-MOTO,PEATON,MOTO
2019-0045,1,2019-06-03,2019,6,3,07:27:00,7,DEL LIBERTADOR AV. y REPUBLICA DE LA INDIA,14,-58.41316147,-34.57579669,MOTO-CARGAS,MOTO,CARGAS
2019-0046,1,2019-06-04,2019,6,4,09:00:00,9,"PAZ, GRAL. AV. y CABILDO AV.",13,-58.47617802,-34.53825652,MOTO-AUTO,MOTO,AUTO
2019-0047,1,2019-06-06,2019,6,6,10:00:00,10,CASEROS AV. 1700,4,-58.38641783,-34.63330028,PEATON-CARGAS,PEATON,CARGAS
2019-0048,1,2019-06-07,2019,6,7,07:00:00,7,AVELLANEDA AV. 1548,6,-58.45322169,-34.62038137,MOTO-CARGAS,MOTO,CARGAS
2019-0049,1,2019-06-08,2019,6,8,09:20:00,9,CIUDAD DE LA PAZ y MENDOZA,13,-58.45849057,-34.56166498,PEATON-CARGAS,PEATON,CARGAS
2019-0050,1,2019-06-08,2019,6,8,23:35:00,23,"SALGUERO, JERONIMO y HONDURAS AV.",14,-58.41829559,-34.59411677,MOTO-CARGAS,MOTO,CARGAS
2019-0051,1,2019-06-11,2019,6,11,10:00:00,10,"FILIBERTO, JUAN DE DIOS y OLAVARRIA",4,-58.36376488,-34.63832093,MOTO-AUTO,MOTO,AUTO
2019-0053,1,2019-06-14,2019,6,14,17:20:00,17,ASTURIAS AV. y CASTAÃ‘ARES AV.,8,-58.46442668,-34.66004784,AUTO-AUTO,AUTO,AUTO
2019-0054,1,2019-06-20,2019,6,20,03:00:00,3,GANDARA 2976,15,-58.48222035,-34.58428769,MOTO-OBJETO FIJO,MOTO,OBJETO FIJO
2019-0055,1,2019-06-20,2019,6,20,19:45:00,19,"GUEVARA, TRINIDAD y MADERO, EDUARDO AV.",1,-58.36819005,-34.60283208,MOTO-PASAJEROS,MOTO,PASAJEROS
2019-0056,1,2019-06-29,2019,6,29,17:16:00,17,BOYACA AV. 305,7,-58.45877601,-34.62330939,PEATON-AUTO,PEATON,AUTO
2019-0057,1,2019-07-05,2019,7,5,19:00:00,19,ARTILLEROS y LA PAMPA,13,-58.44196498,-34.55760517,PEATON-AUTO,PEATON,AUTO
2019-0058,1,2019-07-10,2019,7,10,09:20:00,9,AUTOPISTA PERITO MORENO e IRIGOYEN,10,-58.50622631,-34.63627822,MOTO-PASAJEROS,MOTO,PASAJEROS
2019-0059,1,2019-07-13,2019,7,13,22:35:00,22,15 DE NOVIEMBRE DE 1889 y SANTIAGO DEL ESTERO,1,-58.38410880,-34.63099197,MOTO-PASAJEROS,MOTO,PASAJEROS
2019-0060,1,2019-07-17,2019,7,17,11:20:00,11,"ACOSTA, MARIANO AV. y FALCON, RAMON L.,CNEL.",10,-58.48100602,-34.63504312,PEATON-AUTO,PEATON,AUTO
2019-0061,1,2019-07-17,2019,7,17,18:40:00,18,11 DE SEPTIEMBRE DE 1888 y MENDOZA,13,-58.45200171,-34.55781320,PEATON-PASAJEROS,PEATON,PASAJEROS
2019-0062,1,2019-08-01,2019,8,1,23:00:00,23,"PINO, VIRREY DEL y CAMPOS, LUIS M. AV.",13,-58.44462132,-34.56201105,PEATON-PASAJEROS,PEATON,PASAJEROS
2019-0063,1,2019-08-04,2019,8,4,01:30:00,1,FOREST AV. y MAURE,15,-58.45220688,-34.58711712,MOTO-PASAJEROS,MOTO,PASAJEROS
2019-0064,1,2019-08-06,2019,8,6,03:15:00,3,BOYACA AV. y AVELLANEDA AV.,7,-58.45962210,-34.62245140,MOTO-AUTO,MOTO,AUTO
2019-0065,1,2019-08-08,2019,8,8,16:45:00,16,BARCO CENTENERA DEL y TILCARA,4,-58.41970850,-34.65414867,PEATON-PASAJEROS,PEATON,PASAJEROS
2019-0066,1,2019-08-11,2019,8,11,21:15:00,21,RIESTRA AV. y BOLIVAR (NO OFICIAL),7,-58.44187596,-34.64938031,PEATON-AUTO,PEATON,AUTO
2019-0067,1,2019-08-14,2019,8,14,15:00:00,15,"CASTRO, EMILIO 4706",10,-58.49101637,-34.64276621,MOTO-CARGAS,MOTO,CARGAS
2019-0068,1,2019-08-14,2019,8,14,17:40:00,17,27 DE FEBRERO AV. 5600,8,-58.42493829,-34.66256502,MOTO-MOTO,MOTO,MOTO
2019-0069,1,2019-08-17,2019,8,17,05:25:00,5,"GARAY, JUAN DE AV. 2874",4,-58.40489318,-34.62930162,MOTO-AUTO,MOTO,AUTO
2019-0070,1,2019-08-22,2019,8,22,12:30:00,12,"SCALABRINI ORTIZ, RAUL AV. y GORRITI",14,-58.42686680,-34.59217875,MOTO-BICICLETA,MOTO,BICICLETA
2019-0071,1,2019-08-27,2019,8,27,11:30:00,11,PRIMERA JUNTA y OLIVERA AV.,9,-58.47961100,-34.65620398,PEATON-CARGAS,PEATON,CARGAS
2019-0072,1,2019-08-28,2019,8,28,06:20:00,6,"ALBERDI, JUAN BAUTISTA AV. y AZUL",10,-58.47439934,-34.63524207,AUTO-AUTO,AUTO,AUTO
2019-0073,1,2019-08-29,2019,8,29,01:50:00,1,ALVAREZ THOMAS AV. 1788,15,-58.46711912,-34.57926018,AUTO-OBJETO FIJO,AUTO,OBJETO FIJO
2019-0074,1,2019-08-29,2019,8,29,09:00:00,9,"LUGONES, LEOPOLDO AV. y PAZ, GRAL. AV.",13,-58.46514781,-34.53465378,MOTO-CARGAS,MOTO,CARGAS
2019-0075,1,2019-08-30,2019,8,30,23:20:00,23,SAN ANTONIO y LUJAN,4,-58.37571078,-34.65584079,MOTO-PASAJEROS,MOTO,PASAJEROS
2019-0076,1,2019-09-05,2019,9,5,18:00:00,18,AUTOPISTA 1 SUR PRESIDENTE ARTURO FRONDIZI y DON PEDRO DE MENDOZA AV.,4,-58.37157668,-34.65429986,MOTO-CARGAS,MOTO,CARGAS
2019-0077,1,2019-09-08,2019,9,8,03:40:00,3,"FIGUEROA ALCORTA, PRES. AV. y TAGLE",14,-58.39811256,-34.58070186,PEATON-AUTO,PEATON,AUTO
2019-0078,1,2019-09-12,2019,9,12,08:25:00,8,"EINSTEIN, ALBERTO y ALCORTA, AMANCIO AV.",4,-58.41125934,-34.65417740,PEATON-CARGAS,PEATON,CARGAS
2019-0079,1,2019-09-17,2019,9,17,05:30:00,5,AGRELO y COLOMBRES,5,-58.41822901,-34.61866836,MOTO-PASAJEROS,MOTO,PASAJEROS
2019-0080,1,2019-09-17,2019,9,17,1900-01-04 18:40:00,18,"CABILDO AV. y PAZ, GRAL. AV.",13,-58.47617802,-34.53825652,PEATON-MOTO,PEATON,MOTO
2019-0081,1,2019-09-23,2019,9,23,16:00:00,16,ELCANO AV. 4300,15,-58.46141281,-34.58623761,PEATON-PASAJEROS,PEATON,PASAJEROS
2019-0082,1,2019-09-25,2019,9,25,07:45:00,7,"RABANAL, FRANCISCO, INTENDENTE AV. 2428",8,-58.42985146,-34.66119740,BICICLETA-CARGAS,BICICLETA,CARGAS
2019-0083,1,2019-09-26,2019,9,26,08:00:00,8,MONTE y CORVALAN,9,-58.48457413,-34.65839090,AUTO-AUTO,AUTO,AUTO
2019-0084,1,2019-09-27,2019,9,27,11:45:00,11,TANDIL y LAFUENTE,7,-58.46572884,-34.63628186,BICICLETA-CARGAS,BICICLETA,CARGAS
2019-0085,1,2019-10-09,2019,10,9,22:18:00,22,CARDOSO y BACACAY,10,-58.49261744,-34.63419130,BICICLETA-TREN,BICICLETA,TREN
2019-0086,1,2019-10-15,2019,10,15,14:10:00,14,CORRIENTES AV. 6700,15,-58.45283186,-34.58841560,MOTO-PASAJEROS,MOTO,PASAJEROS
2019-0087,1,2019-10-21,2019,10,21,21:00:00,21,ALVAREZ THOMAS AV. y MENDOZA,12,-58.47973681,-34.57418656,MOTO-MOTO,MOTO,MOTO
2019-0088,1,2019-10-22,2019,10,22,20:00:00,20,"ALCORTA, AMANCIO AV. y BONAVENA, OSCAR NATALIO",4,-58.40623949,-34.65076549,PEATON-PASAJEROS,PEATON,PASAJEROS
2019-0089,1,2019-10-23,2019,10,23,15:45:00,15,"BROWN, ALTE. AV. y BLANES, JUAN MANUEL",4,-58.36244648,-34.63107887,PEATON-CARGAS,PEATON,CARGAS
2019-0090,1,2019-10-24,2019,10,24,18:26:00,18,"ALBERDI, JUAN BAUTISTA AV. 5455",9,-58.49962423,-34.64868027,PEATON-MOTO,PEATON,MOTO
2019-0091,1,2019-11-01,2019,11,1,20:50:00,20,"JUSTO, JUAN B. AV. y CAMARGO",15,-58.44551437,-34.59559816,PEATON-PASAJEROS,PEATON,PASAJEROS
2019-0092,1,2019-11-03,2019,11,3,10:30:00,10,"BRIN, MINISTRO y SUAREZ",4,-58.35608181,-34.63420319,PEATON-PASAJEROS,PEATON,PASAJEROS
2019-0093,1,2019-11-13,2019,11,13,11:50:00,11,"NIZA y JUSTO, JUAN B. AV.",11,-58.46483679,-34.60907662,BICICLETA-OTRO,BICICLETA,OTRO
2019-0094,1,2019-11-18,2019,11,18,14:00:00,14,CAMARGO y SERRANO,15,-58.44368628,-34.59724326,MOTO-OTRO,MOTO,OTRO
2019-0095,1,2019-11-20,2019,11,20,15:30:00,15,AUTOPISTA 1 SUR PRESIDENTE ARTURO FRONDIZI y CASEROS AV.,1,-58.37864583,-34.62907067,MOTO-CARGAS,MOTO,CARGAS
2019-0096,1,2019-11-22,2019,11,22,19:33:00,19,CASEROS AV. y PIEDRAS,1,-58.37560352,-34.62726382,PEATON-PASAJEROS,PEATON,PASAJEROS
2019-0097,1,2019-11-25,2019,11,25,08:50:00,8,AUTOPISTA PERITO MORENO KM. 5.6,9,-58.47721439,-34.64815069,MULTIPLE,MOTO,MULTIPLE
2019-0098,1,2019-11-25,2019,11,25,14:00:00,14,GUZMAN 365,15,-58.45134029,-34.58984288,PASAJEROS-PASAJEROS,PASAJEROS,PASAJEROS
2019-0100,1,2019-12-05,2019,12,5,17:30:00,17,DE LOS CONSTITUYENTES AV. 4300,12,-58.49040794,-34.58368803,MOTO-AUTO,MOTO,AUTO
2019-0101,1,2019-12-17,2019,12,17,04:20:00,4,"MORENO, PERITO AV. y TILCARA AV.",4,-58.42102679,-34.64991178,MOTO-MOTO,MOTO,MOTO
2019-0102,1,2019-12-17,2019,12,17,14:30:00,14,"IBARROLA y GORDILLO, TIMOTEO",9,-58.52219407,-34.64143926,MOTO-AUTO,MOTO,AUTO
2019-0103,1,2019-12-18,2019,12,18,SD,SD,"PAZ, GRAL. AV. y GRIVEO",11,-58.52169422,-34.59471640,MOTO-MOTO,MOTO,MOTO
2019-0104,1,2019-12-21,2019,12,21,04:25:00,4,RIVADAVIA AV. y PERGAMINO,10,-58.47460416,-34.63206174,MOTO-AUTO,MOTO,AUTO
2019-0105,1,2019-05-05,2019,5,5,11:00:00,11,SANTO TOME y SEGUROLA AV.,10,-58.50512382,-34.61520391,PEATON-AUTO,PEATON,AUTO
2020-0001,1,2020-01-04,2020,1,4,10:40:00,10,URIARTE y LOYOLA,15,-58.43910409,-34.59213355,PEATON-AUTO,PEATON,AUTO
2020-0002,1,2020-01-05,2020,1,5,20:00:00,20,SARAZA y VARELA AV.,7,-58.45019436,-34.64646409,MOTO-OBJETO FIJO,MOTO,OBJETO FIJO
2020-0003,1,2020-01-11,2020,1,11,06:00:00,6,RIVADAVIA AV. y COMBATE DE LOS POZOS,3,-58.39337644,-34.60927582,PEATON-AUTO,PEATON,AUTO
2020-0004,1,2020-01-14,2020,1,14,21:40:00,21,RODRIGUEZ PEÃ‘A y RIVADAVIA AV.,1,-58.39055614,-34.60919284,PEATON-PASAJEROS,PEATON,PASAJEROS
2020-0005,1,2020-01-14,2020,1,14,06:00:00,6,24 DE NOVIEMBRE y SAN JUAN AV.,3,-58.41036975,-34.62477021,MOTO-PASAJEROS,MOTO,PASAJEROS
2020-0006,1,2020-01-20,2020,1,20,12:55:00,12,LAFUENTE AV. 2250,8,-58.44925765,-34.65412546,MOTO-CARGAS,MOTO,CARGAS
2020-0007,1,2020-01-27,2020,1,27,00:37:00,0,CHILE y LIMA,1,-58.38156850,-34.61648696,PEATON-MOTO,PEATON,MOTO
2020-0008,1,2020-01-30,2020,1,30,07:10:00,7,"CORDOBA AV. y JAURES, JEAN",2,-58.40662899,-34.59804521,MOTO-CARGAS,MOTO,CARGAS
2020-0009,1,2020-02-04,2020,2,4,14:50:00,14,"PERON, JUAN DOMINGO, TTE. GENERAL y SALGUERO, JERONIMO",5,-58.41985649,-34.60600850,PEATON-AUTO,PEATON,AUTO
2020-0010,1,2020-02-08,2020,2,8,05:45:00,5,9 DE JULIO AV. y SAN JUAN AV.,1,-58.38099833,-34.62214953,MOTO-OBJETO FIJO,MOTO,OBJETO FIJO
2020-0011,1,2020-02-12,2020,2,12,11:29:00,11,COLOMBRES 466,5,-58.41803309,-34.61823178,MOTO-CARGAS,MOTO,CARGAS
2020-0012,1,2020-02-18,2020,2,18,21:00:00,21,MEXICO 2860,3,-58.40604003,-34.61783553,PEATON-MOTO,PEATON,MOTO
2020-0013,1,2020-02-20,2020,2,20,12:00:00,12,COMBATIENTES DE MALVINAS AV. y TRIUNVIRATO AV.,15,-58.47549929,-34.57994061,PEATON-MOTO,PEATON,MOTO
2020-0014,1,2020-02-27,2020,2,27,02:14:00,2,BERMUDEZ y NOGOYA,11,-58.51398484,-34.61600366,MOTO-PASAJEROS,MOTO,PASAJEROS
2020-0015,1,2020-02-28,2020,2,28,14:30:00,14,BRASIL AV. y PASEO COLON AV.,1,-58.36797542,-34.62519403,MOTO-PASAJEROS,MOTO,PASAJEROS
2020-0016,1,2020-02-29,2020,2,29,13:00:00,13,"ALEM, LEANDRO N. AV. 770",1,-58.37133616,-34.59879316,PEATON-PASAJEROS,PEATON,PASAJEROS
2020-0017,1,2020-03-05,2020,3,5,23:00:00,23,BELGRANO AV. y RINCON,3,-58.39613805,-34.61413568,PEATON-AUTO,PEATON,AUTO
2020-0018,1,2020-03-09,2020,3,9,14:00:00,14,"UDAONDO, GUILLERMO AV. 901",13,-58.44903073,-34.54200276,MOTO-OBJETO FIJO,MOTO,OBJETO FIJO
2020-0019,1,2020-03-10,2020,3,10,21:00:00,21,CONSTITUCION y CASTRO,5,-58.41972364,-34.62846670,PEATON-AUTO,PEATON,AUTO
2020-0020,1,2020-03-13,2020,3,13,17:30:00,17,"PUEYRREDON AV. y GOMEZ, VALENTIN",3,-58.40571596,-34.60557123,PEATON-MOTO,PEATON,MOTO
2020-0021,1,2020-03-14,2020,3,14,16:50:00,16,"BRAVO, MARIO 1279",2,-58.41451590,-34.59488319,PEATON-AUTO,PEATON,AUTO
2020-0022,1,2020-04-07,2020,4,7,06:15:00,6,AUTOPISTA DELLEPIANE LUIS TTE. GRAL. y ESCALADA AV.,9,-58.47297505,-34.66245085,AUTO-CARGAS,AUTO,CARGAS
2020-0023,1,2020-04-09,2020,4,9,18:42:00,18,"ARAOZ DE LAMADRID, GREGORIO, GRAL. y BROWN, ALTE. AV.",4,-58.35791192,-34.63695178,AUTO-CARGAS,AUTO,CARGAS
2020-0024,1,2020-04-24,2020,4,24,07:58:00,7,MURGUIONDO 1339,9,-58.50801713,-34.65177305,AUTO-AUTO,AUTO,AUTO
2020-0025,1,2020-05-12,2020,5,12,05:35:00,5,RIVADAVIA AV. 2551,3,-58.40258477,-34.60975108,PEATON-AUTO,PEATON,AUTO
2020-0026,1,2020-05-17,2020,5,17,06:40:00,6,,14,.,.,MOTO-OBJETO FIJO,MOTO,OBJETO FIJO
2020-0027,1,2020-05-18,2020,5,18,08:00:00,8,"DELLEPIANE, LUIS, TTE. GRAL. y MONTIEL",8,-58.48267426,-34.68454456,PEATON-CARGAS,PEATON,CARGAS
2020-0028,1,2020-05-19,2020,5,19,10:00:00,10,"SCALABRINI ORTIZ, RAUL AV. y WARNES AV.",15,-58.44248936,-34.60221948,PEATON-PASAJEROS,PEATON,PASAJEROS
2020-0029,1,2020-06-10,2020,6,10,14:00:00,14,"PAZ, GRAL. AV. y ROFFO, ANGEL H., DR.",9,-58.52909134,-34.63886726,PEATON-PASAJEROS,PEATON,PASAJEROS
2020-0030,1,2020-06-16,2020,6,16,15:00:00,15,SAN MARTIN AV. 1550,6,-58.45158942,-34.60646580,MULTIPLE,MOTO,MULTIPLE
2020-0031,1,2020-06-30,2020,6,30,08:00:00,8,"GARZON, EUGENIO, GRAL. AV. y LARRAYA",9,-58.49344309,-34.65788529,MOTO-CARGAS,MOTO,CARGAS
2020-0032,1,2020-07-10,2020,7,10,23:00:00,23,CORRIENTES AV. y SERRANO,15,-58.44259166,-34.59635137,MOTO-AUTO,MOTO,AUTO
2020-0033,1,2020-07-19,2020,7,19,06:25:00,6,"PAZ, GRAL. AV. y DEL LIBERTADOR AV.",13,-58.46743471,-34.53476874,AUTO-OBJETO FIJO,AUTO,OBJETO FIJO
2020-0034,1,2020-08-02,2020,8,2,03:20:00,3,"MITRE, BARTOLOME y ANCHORENA, TOMAS MANUEL DE, DR.",3,-58.41178158,-34.60922259,PEATON-AUTO,PEATON,AUTO
2020-0035,1,2020-08-04,2020,8,4,05:30:00,5,AUTOPISTA 25 DE MAYO y PUMACAHUA,7,-58.45068621,-34.63638927,MOTO-PASAJEROS,MOTO,PASAJEROS
2020-0036,1,2020-08-07,2020,8,7,18:40:00,18,"SCALABRINI ORTIZ, RAUL AV. y PARAGUAY",14,-58.42016954,-34.58778790,PEATON-MOTO,PEATON,MOTO
2020-0037,1,2020-08-29,2020,8,29,04:30:00,4,"FERNANDEZ DE LA CRUZ, F., GRAL. AV. y VARELA AV.",8,-58.43850413,-34.65554754,PEATON-AUTO,PEATON,AUTO
2020-0038,2,2020-08-30,2020,8,30,04:00:00,4,"LAS HERAS GENERAL AV. y DIAZ, CNEL. AV.",14,-58.40617526,-34.58345898,AUTO-AUTO,AUTO,AUTO
2020-0039,1,2020-09-01,2020,9,1,19:17:42,19,MURGUIONDO,9,.,.,PEATON-CARGAS,PEATON,CARGAS
2020-0040,1,2020-09-12,2020,9,12,03:30:00,3,"CASTILLO, RAMON S., PRES. AV. y CALLE 12 (NO OFICIAL)",2,-58.38526125,-34.57805810,AUTO-OBJETO FIJO,AUTO,OBJETO FIJO
2020-0041,1,2020-09-28,2020,9,28,01:45:00,1,"CURAPALIGUE y PERON, EVA AV.",7,-58.44750470,-34.63491705,MOTO-PASAJEROS,MOTO,PASAJEROS
2020-0042,1,2020-09-29,2020,9,29,17:10:00,17,"DIAZ, ANA y SOLDADO DE LA FRONTERA AV.",8,-58.46745752,-34.68192648,PEATON-PASAJEROS,PEATON,PASAJEROS
2020-0043,1,2020-09-30,2020,9,30,17:20:00,17,"ALEM, LEANDRO N. AV. y PARAGUAY",1,-58.37202621,-34.59717942,PEATON-PASAJEROS,PEATON,PASAJEROS
2020-0044,1,2020-10-05,2020,10,5,00:20:00,0,LA PLATA AV. e INDEPENDENCIA AV.,6,-58.42779702,-34.62207347,AUTO-AUTO,AUTO,AUTO
2020-0045,1,2020-10-19,2020,10,19,03:00:00,3,"PAZ, GRAL. AV. y 27 DE FEBRERO AV.",8,-58.46244952,-34.70524971,AUTO-CARGAS,AUTO,CARGAS
2020-0046,1,2020-10-27,2020,10,27,21:00:00,21,"NAZCA AV. y CARRANZA, ADOLFO P.",11,-58.48440160,-34.60776782,MOTO-MOTO,MOTO,MOTO
2020-0047,1,2020-10-27,2020,10,27,14:00:00,14,AUTOPISTA PRESIDENTE HÃ‰CTOR J. CÃMPORA y LACARRA AV.,9,-58.46668375,-34.65174801,PEATON-CARGAS,PEATON,CARGAS
2020-0048,1,2020-10-29,2020,10,29,20:20:00,20,DORREGO AV. 614,15,-58.44958780,-34.59322448,MOTO-OBJETO FIJO,MOTO,OBJETO FIJO
2020-0049,1,2020-10-30,2020,10,30,20:00:00,20,"DEL LIBERTADOR AV. y RAMOS MEJIA, JOSE MARIA, DR. AV.",1,-58.37533517,-34.59276462,PEATON-AUTO,PEATON,AUTO
2020-0050,1,2020-11-01,2020,11,1,22:00:00,22,SANTA FE AV. y GODOY CRUZ,14,-58.42525456,-34.57866344,PEATON-MOTO,PEATON,MOTO
2020-0051,1,2020-11-05,2020,11,5,00:40:00,0,AVELLANEDA AV. y MERCEDES,10,-58.48493828,-34.62981124,MOTO-AUTO,MOTO,AUTO
2020-0052,1,2020-11-07,2020,11,7,06:50:00,6,TUCUMAN y PUEYRREDON AV.,3,-58.40480504,-34.60183884,BICICLETA-CARGAS,BICICLETA,CARGAS
2020-0053,1,2020-11-09,2020,11,9,03:30:00,3,"ALCORTA, AMANCIO AV. y EINSTEIN, ALBERTO",4,-58.41125934,-34.65417740,AUTO-AUTO,AUTO,AUTO
2020-0054,1,2020-11-19,2020,11,19,09:00:00,9,INCLAN y ALBERTI,4,-58.39956546,-34.62977080,BICICLETA-AUTO,BICICLETA,AUTO
2020-0055,1,2020-11-19,2020,11,19,12:30:00,12,OLAZABAL AV. 5437,12,-58.49005682,-34.57868970,PEATON-CARGAS,PEATON,CARGAS
2020-0056,1,2020-11-21,2020,11,21,13:00:00,13,"PAZ, GRAL. AV. y ROCA, CNEL. AV.",8,-58.47064556,-34.69843756,MOTO-CARGAS,MOTO,CARGAS
2020-0057,1,2020-11-23,2020,11,23,07:45:00,7,"NAZCA AV. y VIALE, LUIS",11,-58.47501560,-34.61945902,PEATON-AUTO,PEATON,AUTO
2020-0058,1,2020-11-24,2020,11,24,16:00:00,16,"OLIVERA AV. y FALCON, RAMON L.,CNEL.",10,-58.48727942,-34.63652467,PEATON-AUTO,PEATON,AUTO
2020-0059,1,2020-12-01,2020,12,1,06:35:00,6,BRASIL 1100,1,-58.37951690,-34.62794241,PEATON-PASAJEROS,PEATON,PASAJEROS
2020-0060,1,2020-12-03,2020,12,3,20:30:00,20,"HOMERO y PERON, EVA AV.",9,-58.47750832,-34.65672199,PEATON-MOTO,PEATON,MOTO
2020-0061,1,2020-12-03,2020,12,3,14:40:00,14,"CANTILO, INT. y UDAONDO, GUILLERMO AV.",13,-58.44927253,-34.54048625,MOTO-CARGAS,MOTO,CARGAS
2020-0062,1,2020-12-04,2020,12,4,17:19:00,17,MORENO 1845,3,-58.39246272,-34.61253541,BICICLETA-PASAJEROS,BICICLETA,PASAJEROS
2020-0063,2,2020-12-05,2020,12,5,07:10:00,7,NUEVA YORK y ALTA GRACIA,11,-58.52783814,-34.61047001,PEATON_MOTO-MOTO,PEATON_MOTO,MOTO
2020-0065,1,2020-12-05,2020,12,5,16:00:00,16,"PAZ, GRAL. AV. y GOYENECHE, ROBERTO PARQUE AV.",12,-58.49332664,-34.54836855,MOTO-AUTO,MOTO,AUTO
2020-0066,1,2020-12-07,2020,12,7,04:30:00,4,AUTOPISTA PERITO MORENO (ALTURA ESTACION DE TREN VILLA LURO),10,-58.50178784,-34.63593897,MOTO-OBJETO FIJO,MOTO,OBJETO FIJO
2020-0067,1,2020-12-11,2020,12,11,22:00:00,22,SAENZ AV. y BEAZLEY,4,-58.41657793,-34.65476216,PEATON-PASAJEROS,PEATON,PASAJEROS
2020-0068,1,2020-12-12,2020,12,12,20:30:00,20,DEL LIBERTADOR AV. y AUSTRIA,2,-58.39731474,-34.58307887,MOTO-AUTO,MOTO,AUTO
2020-0069,1,2020-12-15,2020,12,15,05:20:00,5,"INDEPENDENCIA AV. y SAENZ PEÃ‘A, LUIS, PRES.",1,-58.38746381,-34.61790839,MOTO-PASAJEROS,MOTO,PASAJEROS
2020-0070,1,2020-12-17,2020,12,17,15:35:00,15,"CALLAO AV. y LAS HERAS, GENERAL",2,-58.39189441,-34.59176378,PEATON-PASAJEROS,PEATON,PASAJEROS
2020-0071,1,2020-12-17,2020,12,17,23:00:00,23,SAN PEDRITO AV. y DIRECTORIO AV.,7,-58.46749188,-34.63551751,PEATON-AUTO,PEATON,AUTO
2020-0072,1,2020-12-19,2020,12,19,03:30:00,3,"JUJUY AV. y CALVO, CARLOS",3,-58.40280471,-34.62113271,BICICLETA-AUTO,BICICLETA,AUTO
2020-0073,1,2020-12-20,2020,12,20,07:40:00,7,27 DE FEBRERO AV. y ESCALADA AV.,8,-58.44451316,-34.68475866,MOTO-OBJETO FIJO,MOTO,OBJETO FIJO
2020-0074,1,2020-12-20,2020,12,20,21:00:00,21,BOGOTA y NAZCA AV.,7,-58.47110424,-34.62742408,AUTO-AUTO,AUTO,AUTO
2020-0075,1,2020-12-23,2020,12,23,14:00:00,14,CORRIENTES AV. y 9 DE JULIO AV.,1,-58.38220928,-34.60373898,PEATON-PASAJEROS,PEATON,PASAJEROS
2020-0076,1,2020-12-24,2020,12,24,12:30:00,12,ALVAREZ JONTE AV. y CHIVILCOY,10,-58.49794468,-34.61565025,AUTO-PASAJEROS,AUTO,PASAJEROS
2020-0077,2,2020-12-25,2020,12,25,06:40:00,6,SAN MARTIN AV. y PUNTA ARENAS,15,-58.47220945,-34.60111373,MOTO-AUTO,MOTO,AUTO
2020-0078,1,2020-12-25,2020,12,25,05:50:00,5,BARCO CENTENERA DEL 1118,7,-58.43706741,-34.63217813,BICICLETA-PASAJEROS,BICICLETA,PASAJEROS
2020-0079,1,2020-12-27,2020,12,27,04:15:00,4,"PAZ, GRAL. AV. y GOYENECHE, ROBERTO PARQUE AV.",12,-58.49332664,-34.54836855,MOTO-OBJETO FIJO,MOTO,OBJETO FIJO
2021-0001,1,2021-01-06,2021,1,6,18:00:00,18,AU FRONDIZI KM. 3,1,-58.37960727,-34.62622851,MOTO-AUTO,MOTO,AUTO
2021-0002,1,2021-01-07,2021,1,7,10:20:00,10,"CASTRO, EMILIO AV. y MURGUIONDO",9,-58.51061062,-34.64972472,MOTO-CARGAS,MOTO,CARGAS
2021-0003,1,2021-01-10,2021,1,10,07:40:00,7,AUTOPISTA 25 DE MAYO KM. 3.7,7,-58.43052224,-34.62941648,MOTO-OBJETO FIJO,MOTO,OBJETO FIJO
2021-0004,1,2021-01-11,2021,1,11,09:12:18,9,CASEROS AV. y GUARANI,5,-58.41455544,-34.63866836,PEATON-CARGAS,PEATON,CARGAS
2021-0005,1,2021-01-11,2021,1,11,21:30:00,21,"PERON, EVA AV. 3800",9,-58.46774439,-34.64730145,PEATON-AUTO,PEATON,AUTO
2021-0006,1,2021-01-12,2021,1,12,21:00:00,21,AUTOPISTA ARTURO ILLIA y SARMIENTO AV.,14,-58.40786274,-34.56726817,MOTO-CARGAS,MOTO,CARGAS
2021-0007,1,2021-01-18,2021,1,18,10:00:00,10,DE LOS CONSTITUYENTES AV. y GIRIBONE,15,-58.48744301,-34.58622275,MOTO-MOTO,MOTO,MOTO
2021-0008,1,2021-01-22,2021,1,22,23:30:00,23,"SAENZ AV. y RABANAL, FRANCISCO, INTENDENTE AV.",4,-58.41657793,-34.65476216,PEATON-PASAJEROS,PEATON,PASAJEROS
2021-0009,1,2021-01-23,2021,1,23,05:30:00,5,PAYSANDU y GAONA AV.,6,-58.45351111,-34.61134937,MOTO-OBJETO FIJO,MOTO,OBJETO FIJO
2021-0010,1,2021-01-23,2021,1,23,08:00:00,8,"PAZ, GRAL. AV. y BALBIN, RICARDO, DR. AV.",12,-58.50073810,-34.54979510,MOTO-AUTO,MOTO,AUTO
2021-0011,1,2021-01-27,2021,1,27,01:04:26,1,SANTA FE AV. 1675,2,-58.39144148,-34.59564871,PEATON-AUTO,PEATON,AUTO
2021-0012,1,2021-01-29,2021,1,29,20:07:22,20,"DELLEPIANE, LUIS, TTE. GRAL. y GUAMINI",8,-58.48191128,-34.68385968,PEATON-AUTO,PEATON,AUTO
2021-0013,1,2021-01-31,2021,1,31,06:10:00,6,"FALCON, RAMON L.,CNEL. y OLIVERA AV.",10,-58.48727942,-34.63652467,MOTO-OBJETO FIJO,MOTO,OBJETO FIJO
2021-0014,1,2021-02-02,2021,2,2,00:50:00,0,SAN MARTIN AV. y NOGOYA,15,-58.48328708,-34.59779521,PEATON-AUTO,PEATON,AUTO
2021-0015,1,2021-02-06,2021,2,6,03:05:00,3,SAN MARTIN AV. y TINOGASTA,15,-58.49018543,-34.59724990,MOTO-OBJETO FIJO,MOTO,OBJETO FIJO
2021-0016,1,2021-02-14,2021,2,14,05:50:00,5,"FERNANDEZ DE LA CRUZ, F., GRAL. AV. y DE LA TORRE, LISANDRO",8,-58.47230127,-34.68482689,AUTO-OBJETO FIJO,AUTO,OBJETO FIJO
2021-0017,1,2021-02-17,2021,2,17,04:10:00,4,SALTA y CASEROS AV.,1,-58.38262614,-34.63168269,MOTO-PASAJEROS,MOTO,PASAJEROS
2021-0018,1,2021-02-20,2021,2,20,19:00:00,19,"JAURES, JEAN y PERON, JUAN DOMINGO, TTE. GENERAL",3,-58.41047268,-34.60793518,PEATON-AUTO,PEATON,AUTO
2021-0019,1,2021-02-21,2021,2,21,01:20:00,1,"TRIUNVIRATO AV. y LARRALDE, CRISOLOGO AV.",12,-58.49659234,-34.56353635,MOTO-OBJETO FIJO,MOTO,OBJETO FIJO
2021-0020,1,2021-02-21,2021,2,21,15:00:00,15,POTOSI y GASCON,5,-58.42462955,-34.60727189,PEATON-CARGAS,PEATON,CARGAS
2021-0021,1,2021-02-26,2021,2,26,05:30:00,5,"YRIGOYEN, HIPOLITO y 24 DE NOVIEMBRE",3,-58.41168345,-34.61185625,MOTO-OBJETO FIJO,MOTO,OBJETO FIJO
2021-0022,1,2021-02-28,2021,2,28,12:00:00,12,DEL LIBERTADOR AV. y ROOSEVELT FRANKLIN D.,13,-58.45157681,-34.55217303,PASAJEROS-SD,PASAJEROS,SD
2021-0023,1,2021-03-01,2021,3,1,09:20:00,9,,4,.,.,MOTO-CARGAS,MOTO,CARGAS
2021-0024,1,2021-03-03,2021,3,3,16:30:00,16,"PERON, EVA AV. y PIEDRA BUENA AV.",9,-58.49573651,-34.67006054,BICICLETA-CARGAS,BICICLETA,CARGAS
2021-0025,1,2021-03-11,2021,3,11,03:45:00,3,"PAZ, GRAL. AV. y AUTOPISTA DELLEPIANE LUIS TTE. GRAL.",8,-58.48695354,-34.68795245,MOTO-OTRO,MOTO,OTRO
2021-0026,1,2021-03-15,2021,3,15,02:35:00,2,"AUTOPISTA 1 SUR PRESIDENTE ARTURO FRONDIZI y QUINQUELA MARTIN, BENITO",4,-58.37562539,-34.64449357,MOTO-OBJETO FIJO,MOTO,OBJETO FIJO
2021-0027,1,2021-03-16,2021,3,16,15:30:00,15,"PAZ, GRAL. AV. y DONADO",12,-58.49491054,-34.54795581,MOTO-CARGAS,MOTO,CARGAS
2021-0028,1,2021-03-29,2021,3,29,17:20:00,17,"COREA AV. y TORRES Y TENORIO, PRES.",7,-58.44147621,-34.64357704,PEATON-PASAJEROS,PEATON,PASAJEROS
2021-0029,1,2021-03-31,2021,3,31,18:05:00,18,"FALCON, RAMON L.,CNEL. y SAN PEDRITO AV.",7,-58.46899119,-34.63215432,AUTO-AUTO,AUTO,AUTO
2021-0030,1,2021-04-03,2021,4,3,18:30:00,18,FINOCHIETTO ENRIQUE DR. 1623,4,-58.38685612,-34.63455776,PEATON-PASAJEROS,PEATON,PASAJEROS
2021-0031,1,2021-04-07,2021,4,7,10:29:00,10,9 DE JULIO AV. e INDEPENDENCIA AV.,1,-58.38113667,-34.61765323,PEATON-CARGAS,PEATON,CARGAS
2021-0032,1,2021-04-10,2021,4,10,19:55:00,19,"CANTILO, INT. y GUIRALDES, INT.",13,-58.44112678,-34.54538956,PEATON-MOTO,PEATON,MOTO
2021-0033,1,2021-04-14,2021,4,14,17:50:00,17,AUTOPISTA 25 DE MAYO y BOEDO AV.,5,-58.41595919,-34.62743346,AUTO-OBJETO FIJO,AUTO,OBJETO FIJO
2021-0034,1,2021-04-19,2021,4,19,14:40:00,14,"ALCORTA, AMANCIO AV. y ZAVALETA",4,-58.40184094,-34.64546845,MOTO-CARGAS,MOTO,CARGAS
2021-0035,1,2021-05-03,2021,5,3,09:20:00,9,"JANER, ANA MARIA y LAFUENTE AV.",8,-58.44642231,-34.65679806,MOTO-CARGAS,MOTO,CARGAS
2021-0036,1,2021-05-09,2021,5,9,06:00:00,6,"PAZ, GRAL. AV. y MOSCONI GENERAL AV.",11,-58.52340614,-34.59798754,MOTO-OBJETO FIJO,MOTO,OBJETO FIJO
2021-0037,1,2021-05-11,2021,5,11,07:10:00,7,"MONROE y BALBIN, RICARDO, DR. AV.",13,-58.46649069,-34.56219075,PEATON-PASAJEROS,PEATON,PASAJEROS
2021-0038,1,2021-05-14,2021,5,14,11:40:00,11,"JUSTO, JUAN B. AV. y SANTA FE AV.",14,-58.42653328,-34.57816791,MOTO-CARGAS,MOTO,CARGAS
2021-0039,1,2021-05-15,2021,5,15,12:09:00,12,"OLIDEN y ALBERDI, JUAN BAUTISTA AV.",9,-58.50407099,-34.65303372,BICICLETA-AUTO,BICICLETA,AUTO
2021-0040,1,2021-05-20,2021,5,20,05:50:00,5,"PAZ, GRAL. AV. y DEL LIBERTADOR AV.",13,-58.46743471,-34.53476874,MOTO-AUTO,MOTO,AUTO
2021-0041,1,2021-05-20,2021,5,20,08:30:00,8,DEL LIBERTADOR AV. y CASARES AV.,14,-58.40986646,-34.57728060,PEATON-PASAJEROS,PEATON,PASAJEROS
2021-0042,1,2021-05-21,2021,5,21,05:00:00,5,RIVADAVIA AV. 10900,9,-58.51739138,-34.63931792,PEATON-PASAJEROS,PEATON,PASAJEROS
2021-0043,1,2021-05-22,2021,5,22,18:26:00,18,"ALBERDI, JUAN BAUTISTA AV. y PILAR",9,-58.50719962,-34.65556223,PEATON-AUTO,PEATON,AUTO
2021-0044,1,2021-05-25,2021,5,25,02:00:00,2,"PERON, EVA AV. y ACOSTA, MARIANO",9,-58.46712311,-34.64600222,MOTO-OBJETO FIJO,MOTO,OBJETO FIJO
2021-0045,1,2021-05-26,2021,5,26,17:24:00,17,AUTOPISTA 1 SUR PRESIDENTE ARTURO FRONDIZI y SUAREZ AV.,4,-58.37709334,-34.64035082,MULTIPLE,MOTO,MULTIPLE
2021-0046,1,2021-05-31,2021,5,31,02:00:00,2,ELCANO AV. y GUZMAN AV.,15,-58.46033141,-34.58569883,AUTO-OBJETO FIJO,AUTO,OBJETO FIJO
2021-0047,1,2021-06-02,2021,6,2,16:00:00,16,"VEDIA, AGUSTIN DE y RABANAL, FRANCISCO, INTENDENTE AV.",4,-58.42190745,-34.65633192,MOTO-AUTO,MOTO,AUTO
2021-0048,1,2021-06-03,2021,6,3,09:58:00,9,CAPDEVILA y CONGRESO AV.,12,-58.49026573,-34.56981410,BICICLETA-AUTO,BICICLETA,AUTO
2021-0049,1,2021-06-03,2021,6,3,20:30:00,20,"FERNANDEZ DE LA CRUZ, F., GRAL. AV. 4000",8,-58.45410344,-34.66902702,AUTO-AUTO,AUTO,AUTO
2021-0050,1,2021-06-10,2021,6,10,13:30:00,13,DEL LIBERTADOR AV. 5958,13,-58.44751621,-34.55719892,MOTO-PASAJEROS,MOTO,PASAJEROS
2021-0051,1,2021-06-15,2021,6,15,19:20:00,19,27 DE FEBRERO AV. y EREZCANO AV.,4,-58.42040352,-34.66005171,PEATON-CARGAS,PEATON,CARGAS
2021-0052,1,2021-06-20,2021,6,20,05:40:00,5,"PAZ, GRAL. AV. 14723",8,-58.49530249,-34.68010798,MOTO-OBJETO FIJO,MOTO,OBJETO FIJO
2021-0053,1,2021-06-20,2021,6,20,12:00:00,12,CORRIENTES AV. 5783,15,-58.44399875,-34.59477360,PEATON-BICICLETA,PEATON,BICICLETA
2021-0054,1,2021-06-22,2021,6,22,14:44:00,14,TABARE y EREZCANO,4,-58.42759813,-34.65463857,MOTO-CARGAS,MOTO,CARGAS
2021-0055,1,2021-06-29,2021,6,29,12:20:00,12,CORRIENTES AV. y PUEYRREDON AV.,3,-58.40547222,-34.60456293,MOTO-CARGAS,MOTO,CARGAS
2021-0056,1,2021-07-09,2021,7,9,23:25:00,23,"CORRALES y MORENO, PERITO AV.",4,-58.42473018,-34.65008280,BICICLETA-AUTO,BICICLETA,AUTO
2021-0057,1,2021-07-10,2021,7,10,23:30:00,23,AUTOPISTA  ARTURO ILLIA (CABINA DE PEAJE),2,-58.39257023,-34.57563957,AUTO-OBJETO FIJO,AUTO,OBJETO FIJO
2021-0058,1,2021-07-21,2021,7,21,00:40:00,0,"PAZ, GRAL. AV. y VEDIA",12,-58.48941042,-34.54596153,PEATON-AUTO,PEATON,AUTO
2021-0059,1,2021-07-22,2021,7,22,01:20:00,1,"GARAY, JUAN DE AV. 2269",3,-58.39640740,-34.62783085,AUTO-OBJETO FIJO,AUTO,OBJETO FIJO
2021-0060,1,2021-07-22,2021,7,22,12:30:00,12,"SALGUERO, JERONIMO y RIVADAVIA AV.",5,-58.41971993,-34.61112240,PEATON-PASAJEROS,PEATON,PASAJEROS
2021-0061,1,2021-07-24,2021,7,24,09:15:00,9,"MORENO, PERITO AV. y ALCORTA, AMANCIO AV.",4,-58.40544588,-34.65012801,PEATON-CARGAS,PEATON,CARGAS
2021-0062,1,2021-07-27,2021,7,27,07:16:00,7,LA PLATA AV. 2723,4,-58.42003882,-34.64645957,AUTO-CARGAS,AUTO,CARGAS
2021-0063,1,2021-08-02,2021,8,2,04:40:00,4,"ALBERDI, JUAN BAUTISTA AV. 2906",7,-58.46851293,-34.63348678,AUTO-AUTO,AUTO,AUTO
2021-0064,1,2021-08-02,2021,8,2,20:00:00,20,"PAZ, GRAL. AV. y TONELERO",9,-58.52931141,-34.65422917,PEATON-CARGAS,PEATON,CARGAS
2021-0065,1,2021-08-06,2021,8,6,08:30:00,8,SAN JUAN AV. y LA PLATA AV.,6,-58.42675754,-34.62699730,PEATON-PASAJEROS,PEATON,PASAJEROS
2021-0066,1,2021-08-06,2021,8,6,20:00:00,20,"LOPE DE VEGA AV. y PAZ, GRAL. AV.",11,-58.52933723,-34.61098186,PEATON-PASAJEROS,PEATON,PASAJEROS
2021-0067,1,2021-08-08,2021,8,8,09:29:00,9,AUTOPISTA 1 SUR PRESIDENTE ARTURO FRONDIZI y BRASIL,1,-58.37910943,-34.62764718,MOTO-OBJETO FIJO,MOTO,OBJETO FIJO
2021-0068,1,2021-08-15,2021,8,15,06:10:00,6,"BEIRO, FRANCISCO AV. 5071",11,-58.52161176,-34.61164474,MOTO-OBJETO FIJO,MOTO,OBJETO FIJO
2021-0069,1,2021-08-20,2021,8,20,17:15:00,17,SANTA FE AV. 3428,14,-58.41354692,-34.58697680,PEATON-AUTO,PEATON,AUTO
2021-0070,1,2021-08-28,2021,8,28,08:30:00,8,"CHILAVERT, MARTINIANO, CORONEL y VARELA AV.",8,-58.43960781,-34.65470804,MOTO-CARGAS,MOTO,CARGAS
2021-0071,1,2021-08-31,2021,8,31,16:00:00,16,SAN LUIS 2730,3,-58.40454610,-34.60003693,PEATON-MOTO,PEATON,MOTO
2021-0072,1,2021-09-01,2021,9,1,19:10:00,19,CALLAO AV. y PARAGUAY,2,-58.39303911,-34.59871111,PEATON-AUTO,PEATON,AUTO
2021-0073,1,2021-09-18,2021,9,18,12:20:00,12,"DEL LIBERTADOR AV. y AGOTE, LUIS DR.",2,-58.39391034,-34.58405348,BICICLETA-AUTO,BICICLETA,AUTO
2021-0074,1,2021-09-20,2021,9,20,15:00:00,15,"PAZ, GRAL. AV. y BALBIN, RICARDO, DR. AV.",12,-58.50073810,-34.54979510,MULTIPLE,MOTO,MULTIPLE
2021-0075,1,2021-09-21,2021,9,21,14:30:00,14,SALTA y BRASIL,1,-58.38281301,-34.62786038,PEATON-CARGAS,PEATON,CARGAS
2021-0076,1,2021-10-16,2021,10,16,06:15:00,6,"MORENO, PERITO AV. 2152",7,-58.43980799,-34.65094083,MOTO-OBJETO FIJO,MOTO,OBJETO FIJO
2021-0077,1,2021-10-18,2021,10,18,07:20:00,7,DIRECTORIO AV. 1169,6,-58.44402387,-34.62933109,MOTO-CARGAS,MOTO,CARGAS
2021-0078,1,2021-10-23,2021,10,23,06:35:00,6,INDEPENDENCIA AV. y LA PLATA AV.,6,-58.42779702,-34.62207347,MOTO-PASAJEROS,MOTO,PASAJEROS
2021-0079,1,2021-10-25,2021,10,25,03:30:00,3,TUCUMAN 3112,3,-58.40944147,-34.60097942,PEATON-AUTO,PEATON,AUTO
2021-0080,1,2021-10-28,2021,10,28,16:16:00,16,ARENALES y 9 DE JULIO AV.,1,-58.38277479,-34.59430160,MOTO-AUTO,MOTO,AUTO
2021-0081,1,2021-11-02,2021,11,2,13:35:00,13,AUTOPISTA 1 SUR PRESIDENTE ARTURO FRONDIZI y BRANDSEN,4,-58.37627355,-34.63800916,MOTO-CARGAS,MOTO,CARGAS
2021-0082,1,2021-11-06,2021,11,6,04:39:00,4,AUTOPISTA 25 DE MAYO y PASCO,3,-58.39591856,-34.62453459,MOTO-AUTO,MOTO,AUTO
2021-0083,1,2021-11-09,2021,11,9,00:35:00,0,CABILDO AV. y OLAZABAL,13,-58.45829717,-34.56015762,MOTO-AUTO,MOTO,AUTO
2021-0084,1,2021-11-11,2021,11,11,03:00:00,3,TAPALQUE y BRUIX AV.,9,-58.49142611,-34.64584795,AUTO-OBJETO FIJO,AUTO,OBJETO FIJO
2021-0085,1,2021-11-20,2021,11,20,18:30:00,18,"PAZ, GRAL. AV. y EZEIZA",12,-58.51271409,-34.57786555,MOTO-OBJETO FIJO,MOTO,OBJETO FIJO
2021-0086,1,2021-11-25,2021,11,25,10:10:00,10,RIVADAVIA AV. y PUAN,6,-58.44864864,-34.62352826,PEATON-PASAJEROS,PEATON,PASAJEROS
2021-0087,1,2021-11-27,2021,11,27,11:22:00,11,ESMERALDA 1359,1,-58.37795815,-34.59167894,PEATON-BICICLETA,PEATON,BICICLETA
2021-0088,1,2021-12-01,2021,12,1,15:40:00,15,MONROE y 3 DE FEBRERO,13,-58.45531707,-34.55555257,MOTO-AUTO,MOTO,AUTO
2021-0089,1,2021-12-02,2021,12,2,01:10:00,1,GAONA AV. 3655,11,-58.47633683,-34.62140594,MOTO-AUTO,MOTO,AUTO
2021-0090,1,2021-12-10,2021,12,10,11:45:00,11,9 DE JULIO AV. y LAVALLE,1,-58.38188582,-34.60256036,PEATON-PASAJEROS,PEATON,PASAJEROS
2021-0091,1,2021-12-11,2021,12,11,23:00:00,23,"BAIGORRIA y HUGO, VICTOR",10,-58.51989389,-34.62284918,MOTO-AUTO,MOTO,AUTO
2021-0092,1,2021-12-12,2021,12,12,06:20:00,6,RIVADAVIA AV. y PUEYRREDON AV.,3,-58.40596860,-34.61011987,PEATON-AUTO,PEATON,AUTO
2021-0093,1,2021-12-13,2021,12,13,17:10:00,17,RIESTRA AV. y MOM,7,-58.43353773,-34.64561636,MOTO-AUTO,MOTO,AUTO
2021-0094,1,2021-12-20,2021,12,20,01:10:00,1,"DELLEPIANE, LUIS, TTE. GRAL. y LACARRA AV.",9,-58.46739825,-34.65117757,MOTO-AUTO,MOTO,AUTO
2021-0095,1,2021-12-30,2021,12,30,00:43:00,0,GAONA AV. y TERRADA,11,-58.47293407,-34.61984745,MOTO-CARGAS,MOTO,CARGAS
2021-0096,1,2021-12-15,2021,12,15,10:30:00,10,"PERON, EVA AV. 4071",9,-58.47066794,-34.65021673,AUTO-CARGAS,AUTO,CARGAS
2021-0097,1,2021-11-18,2021,11,18,06:10:00,6,PADRE CARLOS MUGICA 709,1,-58.37976155,-34.58679619,BICICLETA-AUTO,BICICLETA,AUTO
